saree,backpacks,handbags,shoes,watches
59607,12732,47957,9204,59263
59638,29319,47359,9036,30039
56684,19920,21977,39988,29928
59600,19316,58183,3168,17429
59636,19918,29742,10268,51658
59609,46623,42841,59435,23278
59631,22968,35913,22198,44984
46010,19320,31923,29570,11188
59665,58146,58177,6628,45258
52883,29317,21510,26538,44970
57961,34463,21948,49495,22950
52877,37682,47366,33822,13841
57959,37676,9009,19311,8110
57966,21189,47392,42089,43190
52884,39512,3391,49461,32335
59662,9490,20604,23882,56670
52879,30202,25144,34835,36795
59654,37671,31924,12993,40527
57968,37685,42846,42042,45869
59653,19318,53934,23849,4716
57957,19916,25188,24250,26351
59630,5262,21528,15517,29917
59637,12750,59432,4140,43164
59608,35172,58184,6425,45293
59601,2221,3396,23247,36761
59606,35186,20603,42270,37481
56685,7105,52647,10633,8117
59639,8516,33442,17416,39375
57969,7102,47395,12958,59290
57956,43565,47361,46086,52678
59652,35181,48329,54543,39711
52878,53367,10250,32751,36759
59655,9437,5854,45603,44977
57958,4583,31912,4524,29745
59663,35188,8313,36137,44983
52885,24832,21946,39943,59264
57967,31984,47368,8913,43163
46011,15923,9007,22705,36766
57960,18432,42870,5402,45294
52876,9439,53902,16154,30001
52882,4584,18034,50741,29910
59664,1801,58179,43356,4711
52904,15924,25175,12994,40520
49928,8376,25181,20856,37472
53021,9491,21521,19772,51660
49917,19917,30205,34832,43197
52903,37684,38434,23885,56677
53019,19319,53905,41439,32332
53026,34465,21519,33825,36792
52935,29578,18033,5896,45260
49919,14892,21941,49492,46418
49926,29316,48327,12960,5068
53010,9496,52649,9031,45893
45985,8312,42883,59056,36905
53017,37677,3398,15379,47992
49921,37683,5853,7399,17418
53043,5299,47350,9203,29919
52959,19317,47734,44948,59252
52992,18800,25186,16153,45269
50893,22969,21526,50746,40529
52966,5252,25172,22154,52671
53044,37679,47136,19329,23282
52961,5255,37073,10096,46427
50860,19921,37417,5405,43155
50894,29318,27685,39944,23276
52968,4585,43334,36130,51656
50869,9438,27671,44510,40516
50856,8377,47794,22702,32304
52957,15925,2645,8914,45256
34983,1800,16760,54544,21713
34984,53368,52622,4523,29926
52950,4582,33427,45604,30037
50851,24833,37428,10634,17427
45984,18433,49067,17411,53565
53029,15922,37080,30233,43199
49920,35189,16767,15722,59255
53016,35174,36536,6422,38050
52934,53366,54384,12507,47995
49918,7103,43333,3150,36902
53011,19944,19945,42045,37488
49927,35180,37410,24257,10098
52902,35187,38458,4147,36768
53027,1697,27682,15510,17420
52905,19943,37074,11971,10605
49929,7104,48179,44941,53562
49916,53361,50186,28655,52682
53020,8517,47131,16966,29921
52951,21268,24651,36139,32303
50850,4607,36509,24408,45251
34985,38148,16758,20894,23271
52969,7082,29727,40971,51651
34949,24725,20498,12956,40511
50868,7076,8518,6619,36757
34982,25869,49069,23847,46420
52956,29002,22564,11985,43152
53045,7071,47335,23249,23285
50895,25867,54510,17840,44979
52960,7078,35143,3159,58942
50861,4609,20491,7364,30064
52958,21259,21543,47191,49890
50859,25256,10204,22734,26333
53042,2363,48184,34651,45037
50866,35202,14805,13073,10235
52967,9575,37089,39972,40545
52993,38141,33429,16165,46480
50892,9581,53994,22162,45205
34965,51324,37419,42087,32357
59591,21261,38451,17043,46474
52945,35205,34892,26704,25314
34991,21437,47138,10266,30090
42320,15292,36993,15714,49864
34996,22682,29729,4343,32368
59596,24323,37421,5291,45008
52942,22676,21544,4171,38004
34962,38743,10203,6626,41038
52989,22649,2673,47501,22932
42327,22671,22563,22196,28434
50881,30186,39917,23878,30097
52980,6797,36507,26536,49863
34954,24324,36994,12703,46473
50875,38320,50188,53757,25313
53051,9526,53369,4515,33878
50872,32870,38456,7390,46487
34953,38744,8520,12969,45202
52973,6560,27678,35777,32350
52987,8267,48183,9038,45030
42329,30188,14802,54740,40542
50886,9580,52648,13087,26334
59598,9574,3399,32552,30063
53056,38140,42882,39986,49897
34998,21260,5852,17847,59239
52918,35204,58524,12509,22935
53002,21436,18032,23840,28433
52927,21258,21940,24259,38003
45990,38147,25173,4149,25325
45997,4608,47351,18665,41036
52920,9573,21527,20893,49855
53033,25866,25187,9000,17445
52929,35203,21947,50748,30055
52916,51322,18035,28652,29944
45999,15294,5855,11976,45234
53034,29003,31913,3505,32366
52911,7084,47732,13080,51634
52986,1525,21520,32555,45006
50887,21269,25180,39981,8143
50873,29004,30204,15377,33871
52972,7077,21978,4512,33885
34952,25868,58178,7397,45039
53057,21256,25174,5898,29523
59599,4606,53935,6621,32359
34955,7083,25189,22191,59230
52975,44661,35915,12704,38035
50874,8266,58185,26531,51633
50880,30189,21971,6413,45001
52981,3470,31925,3161,45233
53050,15666,58171,26703,32361
34963,25235,21985,1636,30052
52943,6559,48328,4344,29943
59597,6550,47360,15713,17442
34997,24325,54545,11949,41031
42319,38321,12734,5050,25322
50889,38745,3397,22165,46442
52988,42934,20602,49468,38032
42326,9527,33443,22959,49899
31886,20924,47394,50777,59237
34990,1918,58176,43360,29524
52944,38319,31922,41437,46489
59590,6557,58182,10295,33882
53035,8250,21976,22733,33876
45998,22648,47956,13074,8144
52910,1927,19780,39975,29988
52928,4679,35912,7363,36903
53032,38136,42840,22501,47994
52917,38760,29743,54521,36769
53004,38131,52641,37241,10099
52921,1565,33444,4546,37489
45996,38758,47393,3551,45895
53003,5303,25145,30256,43198
52919,20939,3390,15747,56678
45991,29075,21511,7595,38051
52926,1934,12733,13682,59254
59646,32865,21949,3307,23284
59641,38751,9008,42020,44978
52898,6544,47367,6675,36756
52891,4677,22562,4122,43153
57973,38138,2672,21740,52677
59648,22664,36506,32191,53597
46002,4683,29728,8529,52683
57974,30193,10202,13676,29920
59670,1795,21545,6681,17421
52896,20937,27679,22131,53563
46005,32862,38691,7753,23270
50908,29072,16768,3797,51650
59624,1933,48182,13212,40510
59623,1792,14803,5460,45250
59615,30194,50189,44747,11180
50906,22663,36995,2477,29918
50901,4684,38457,8971,59253
59612,4670,54511,14498,17419
52897,39489,47334,38652,40528
57975,36653,10205,23814,45268
46004,39885,20490,19387,45892
57972,15273,35142,9430,46419
52890,35210,8519,17813,5069
46003,6517,39549,9054,47993
59649,25875,22565,18403,36904
59640,25881,49068,12905,21712
52899,44280,58926,5699,45257
59647,15274,38450,4579,32305
59613,39882,53961,24669,23277
50900,39876,37418,47109,51657
12345,36654,36992,20833,40517
50907,25886,47139,44778,17426
59614,25872,33428,39310,53564
59622,8217,37088,31941,52684
59625,21245,48185,11922,29927
57965,7090,14804,13649,30036
59661,7064,34867,34857,53590
52887,9909,38696,28606,52670
59659,8221,37411,33840,43154
46013,17986,27683,8976,46426
52880,7063,50187,3790,23283
59666,8219,48178,2642,29744
57962,25888,53702,13215,44982
52874,7097,37075,31979,59265
52889,39878,16766,44740,52679
59650,17149,37081,5467,59291
57954,32863,20452,41232,39374
59668,18162,54385,26596,8116
57953,29073,27677,7754,44976
59657,6119,29726,22136,36758
50910,20936,20499,2828,39710
59603,4671,36508,13685,4710
59604,39488,16759,26562,30000
59632,1793,27670,42027,29911
59635,22662,54382,3300,43196
59669,36050,33426,6672,36793
59656,4685,16761,21747,45261
57952,30195,2644,20695,32333
52888,20931,52623,15740,56676
59651,29074,47305,6440,37473
46012,1935,50180,7592,40521
59658,38750,47137,24463,51661
57963,32864,37416,3556,43162
52875,30192,47761,8982,36767
59667,4682,49066,54526,45295
52881,1794,33419,37246,56682
52886,6545,58928,2817,46428
59660,6121,37429,33847,44971
57964,38139,53648,2219,13840
59634,4676,51923,34850,17428
59633,19411,15439,22109,59262
56686,39486,54009,49060,30038
50911,38130,20518,31946,29929
59589,20938,25258,54519,45259
53047,22653,54499,18404,51659
34989,38759,54036,9053,23279
52962,38137,47421,12902,44985
52996,4678,25293,23679,40519
53040,36066,9924,17814,37480
52991,22654,53677,38655,43165
50890,6520,20385,34859,46417
50864,21243,34771,27640,5067
52965,7096,53683,28608,45292
52998,33772,36670,41452,36760
50899,7062,44250,3594,37474
53049,18332,25267,34633,40526
42309,7065,20527,50376,43191
34987,7091,27702,39910,45266
52953,21244,46967,25573,36794
50852,6518,8234,44776,56671
42331,39877,47419,17683,32334
50855,8229,51924,3560,29916
52954,35216,36677,5697,10400
45988,25873,25260,24455,26350
53025,8216,53684,4577,17417
52907,7098,52756,44782,41030
52938,25887,34776,53735,25323
52931,15272,53670,40322,46443
45986,39884,10725,14496,32360
53014,35211,34782,4113,45232
49922,6516,9923,26554,51632
52936,25880,54031,6644,45000
49925,25874,25294,1653,17443
52909,7119,49541,23489,30053
53013,4591,25269,31970,29942
42330,36512,9586,44749,33877
34981,18427,58265,57950,8145
50854,47320,51912,20802,49898
52955,1646,53679,9091,59236
52999,7121,54804,28637,38033
50898,4596,54497,13678,51269
52952,8352,15295,9401,33883
50853,53372,27733,17822,46488
34986,12742,20516,3309,29525
53048,7117,15437,38663,30054
42308,35194,26427,4548,29945
53041,1648,54007,6811,17444
50865,35193,47410,30258,51635
52964,7110,9915,1654,45007
52990,40762,51915,14491,32367
50891,13697,52758,42016,45235
34988,43147,34778,26553,25324
53046,37690,49546,6643,46444
50896,1623,54000,4570,29522
52963,41845,47417,53732,32358
52937,39507,25251,44785,33884
49924,1624,43271,40325,45038
52908,5270,27734,54517,38034
45987,37697,20511,47100,59231
52930,39509,52767,30260,8142
49923,21192,54490,6829,33870
53015,15708,38318,3567,40543
52906,9440,33394,35712,45031
49915,37699,21497,15315,46486
53023,29101,25205,4742,32351
52901,13696,57241,5690,45203
53024,35192,29067,24452,49896
45989,5222,51941,44771,59238
53006,7111,8251,17684,26335
49930,29191,57246,31948,49862
53039,35195,25202,3593,30096
45994,53373,33393,34634,33879
52923,13698,10323,25574,46472
53001,4597,15651,35382,25312
52924,7120,24740,33849,29514
45993,1647,20925,57530,28432
53037,7118,54408,6816,22934
52912,37263,17139,3558,46475
53008,4590,42935,54528,25315
53030,29100,25234,37248,49865
52915,37698,50431,42029,30091
34995,39508,22011,38664,26332
31877,21193,29069,24835,49891
34961,9441,17130,32950,30065
59595,37696,8260,49435,46481
52941,5271,21499,26598,32356
31074,19905,38316,34861,45204
59592,9483,17137,22138,40544
52946,2261,15660,39742,45036
34992,37691,54406,2826,28435
50878,34470,25233,41832,22933
34959,9484,47812,9096,45009
52979,39506,33369,8978,32369
42323,43566,57846,46825,29513
50871,35182,34779,31977,38005
52970,53364,52759,5469,48032
34950,15929,47429,44947,33933
50885,18438,51914,50749,29495
53055,8512,25250,28653,46538
50882,4589,2365,23841,31832
52983,35185,52766,11983,49326
34957,24493,54491,4148,51544
50876,7106,15293,24258,45144
53052,8515,9913,17846,54660
52948,15918,51325,12508,37332
53031,15927,47416,20892,25603
52914,18436,51913,9001,28578
53036,8523,53678,29123,46507
34302,43568,54805,16163,46735
53009,7108,20528,41436,49321
52913,8524,9587,10294,31835
51101,15920,49540,4183,29492
53000,34469,25268,11948,45188
45992,37688,58264,22958,29466
52925,19315,15436,49469,45940
53007,37227,47411,22164,54658
52922,19312,26426,22500,48035
45995,5268,9914,13075,46500
53038,22739,54496,22732,25604
52976,5257,25257,39974,37335
34956,22362,43277,4513,54667
50877,29313,27732,7396,45143
50883,2249,20517,13081,51543
52982,39511,47418,15376,46509
52949,9493,52768,39980,28576
42313,30201,8235,32554,33902
53053,37672,46966,26702,29450
50884,5261,10724,3160,28582
50870,37686,9922,6412,25632
34951,5259,53671,4345,49328
52971,9494,25295,1637,11635
53054,5857,25261,21715,10383
31885,58145,36676,15520,46536
34993,29314,20521,5899,51581
52947,22737,27704,12705,45175
59593,34460,34777,26530,37303
42322,37681,57225,6620,54651
50879,19912,53685,22190,29457
52978,5266,25259,46089,28585
34958,37675,8232,29124,48004
31876,18008,54498,40970,54669
52940,3334,53649,20895,33905
59594,15921,51922,24409,54656
34960,8373,54834,12957,37304
34994,7109,54008,45866,56333
59620,4586,53682,17841,29468
59618,3333,34770,23248,45172
50902,15919,27703,23846,46531
59611,8522,25266,15518,45186
59616,8374,44251,44940,10384
50905,43569,25292,43359,25635
59642,18437,53676,46841,53615
46008,15926,9925,39342,4665
59645,35179,8259,36138,37506
52895,9404,25232,4170,45126
46006,35184,17136,24260,51526
59674,7107,6561,26537,11202
52892,53362,54407,12702,46565
57970,8514,57847,6627,50400
46001,35177,29068,22197,25661
59628,53365,17131,3167,4691
50904,18439,50430,6415,51519
59610,20035,22010,17042,19296
50903,43567,33734,4342,45925
59619,35183,47814,15715,45119
59626,19947,21498,5290,31850
59621,15917,53884,10267,19262
57971,8513,10322,54741,4696
52893,4588,24741,13086,31868
46000,29315,57247,9039,25666
52894,5258,25203,12968,10581
57976,9495,54409,39987,46562
46007,58144,51947,32553,11205
59644,37674,17138,4514,51521
46009,34461,8257,7391,45121
59643,5267,25204,13072,30172
,37680,21496,22735,53612
,58143,57240,34650,49515
,39510,42933,5600,19265
,9492,51940,39973,25659
,29312,25219,7365,31857
,37687,53897,47190,45922
,34466,14798,4184,21669
,30200,57262,42086,19291
,37673,36067,22163,11001
,19313,22655,4179,32283
,22738,20566,5897,21694
,18007,27743,49493,46554
,5858,22003,29576,43214
,34468,25226,9202,25650
,37689,53060,46883,8099
,19314,17122,7398,54633
,37226,53058,9030,11491
,5251,53890,15378,53624
,2246,15216,47199,51517
,30185,53067,12995,19298
,22672,17125,28662,10315
,24327,22004,50778,45117
,38323,25221,33824,31861
,38747,25013,41438,10588
,9525,27744,23884,58451
,38129,20568,10635,19253
,29269,1598,17410,45914
,22681,25228,46080,53871
,6555,8243,4522,45128
,25206,20930,45605,51528
,31606,33386,32757,29432
,36047,14796,33685,10312
,22675,33716,42044,45110
,30182,57253,4146,21667
,38740,25217,24256,51510
,1925,21485,15723,54634
,29064,8244,42276,25657
,38749,38756,3151,31859
,6563,53069,12506,58831
,15663,18163,11979,11650
,3475,25210,10097,43213
,10775,57254,43350,11006
,20928,50243,16152,21693
,8264,36051,50747,46553
,50432,14791,36131,45913
,36049,54041,39945,19254
,31608,25244,20868,58456
,4668,20504,22703,4698
,35208,9907,5404,31866
,7072,3401,5864,25668
,51316,46988,49460,33904
,29006,53654,42088,29456
,6537,54829,19310,28584
,28923,26435,34834,54668
,7075,43290,33823,23508
,9576,58277,18494,48005
,38142,20963,12992,10385
,7088,49553,9037,45187
,51318,24739,12966,46530
,9582,20399,39989,25634
,9911,26432,9205,56332
,35206,54476,46884,37305
,15291,51938,49494,54657
,25864,53653,26539,45173
,6539,3406,23877,51573
,15434,27726,29571,29451
,35201,25243,22199,28583
,6565,7099,6629,33903
,5314,25288,22536,46508
,39490,49554,5403,28577
,4669,47298,39942,51574
,8262,57836,36136,45174
,36048,57238,8912,54650
,31609,53698,22704,56335
,37700,34558,43357,37302
,38748,47896,16155,49329
,3474,24737,50740,11634
,10774,53665,14430,25633
,24328,20397,15724,46537
,31607,10730,42271,29467
,22674,4615,23246,54659
,4667,25281,42043,31834
,22680,47433,23848,45189
,6554,27710,4141,29493
,38741,25275,24251,54666
,9523,36662,54542,37334
,38325,44242,46087,51542
,29065,57231,45602,45142
,24326,58279,4525,46501
,15653,34551,21175,49911
,6553,34763,10632,25605
,22673,54827,12959,46539
,38322,54229,34635,29494
,9524,46986,23682,33932
,38746,51931,46215,49327
,25865,46972,3592,31833
,35200,49562,25575,48033
,21264,34764,44770,46734
,51321,47296,31949,28579
,9583,57838,35383,10181
,7089,57236,57531,45145
,2366,53696,41454,51545
,9910,34556,33848,37333
,21263,25272,14490,54661
,35207,36665,6642,58830
,21435,44245,26552,11651
,8231,27717,42017,25656
,29007,25286,6470,31858
,7074,47434,35713,21692
,28922,35828,30261,11007
,4605,10737,3566,46552
,7080,27728,24453,43212
,35209,46975,4743,21666
,4602,51936,15314,51511
,51317,46981,5691,45111
,6531,53068,4571,10313
,1526,51955,44784,54635
,7073,54040,54516,53622
,38739,14790,2827,19255
,35214,25211,22139,31867
,39881,12493,26599,25669
,21270,50242,49434,4699
,25885,57255,34860,18525
,25871,1599,31976,45912
,7852,25229,5468,29434
,7056,57252,20804,53625
,6514,14135,41833,11490
,35213,21484,8979,8098
,44284,25216,9097,54632
,20960,14797,54529,45116
,25876,53891,37249,10314
,15419,53059,32509,19299
,25882,27745,56870,51516
,21248,50425,3559,43215
,7060,22005,32951,21695
,44279,25220,9407,32282
,38737,53066,42028,11000
,7093,17124,38665,25651
,4616,14799,21748,51529
,38965,53896,40323,29433
,21246,25218,24666,45129
,25878,53061,4576,37509
,7067,17123,53734,45915
,8222,34731,44783,31860
,7058,57263,35714,19252
,17985,22002,3561,58450
,9794,25227,24454,45120
,1559,1597,15313,51520
,39484,20567,5696,53613
,38132,27742,56410,25667
,19413,25287,10037,10580
,4689,53663,14497,4697
,30199,4613,7797,11204
,15215,10736,6645,46563
,5300,57237,34090,50406
,36063,34557,26555,21668
,22651,34765,35384,19290
,19414,47297,6483,45923
,39483,25425,41453,19264
,36064,27716,22101,49514
,32868,36664,13646,40499
,20934,44244,34858,25658
,32861,25273,44777,31856
,30538,46980,17682,46564
,29071,51937,50377,50401
,1930,49564,34632,11203
,1791,46974,3595,4690
,4687,25274,25572,25660
,30197,27711,3308,10587
,6124,34762,38662,4664
,4673,36035,6448,53614
,1557,58278,17823,51527
,32866,57230,9400,45127
,22658,34550,30259,10325
,4674,4614,6810,31851
,30190,10731,31985,49513
,4680,24736,4549,19263
,25879,25280,41834,45118
,36660,46973,9090,45924
,7066,49563,31971,19297
,21247,46987,3798,51518
,7092,9908,44748,8096
,4617,36655,49433,46579
,47431,25242,13679,18531
,7059,27727,57509,53609
,8223,26433,5239,30169
,9795,51939,28636,29420
,17984,53652,8526,45906
,4610,27718,15741,25642
,7061,49555,6441,11645
,33771,58271,7593,46310
,17983,57239,6673,11221
,6515,18793,13684,43206
,35212,34559,42026,46546
,7057,57837,3301,21686
,25883,20965,26563,32291
,7854,51906,54527,45939
,25877,25289,40315,21672
,39874,53655,37247,10135
,20959,3400,8983,56344
,35215,9906,3557,11483
,44282,43291,31978,54621
,38738,17141,7331,21478
,21271,26434,13214,45901
,39880,54014,41233,54619
,25870,54828,44741,36897
,7853,20505,5466,39017
,25884,25245,5654,58444
,20932,34561,8977,54626
,22659,58282,50725,56343
,1936,20398,49608,11484
,32867,24738,22137,29418
,4681,20962,26597,21675
,6546,58276,12903,19279
,4675,18794,9052,46541
,32860,49552,18405,21681
,29070,34874,1831,32296
,20935,14817,54518,11226
,6125,2659,38654,43201
,4672,21936,42019,58823
,6541,25798,24805,39028
,1556,47916,11924,11642
,1790,34880,34851,46317
,30196,27699,28600,25645
,4686,10229,33846,48042
,6548,2666,5459,45937
,39482,33404,31947,19284
,22668,10216,8346,29411
,19415,37434,49061,43208
,32869,21551,6680,35288
,36065,54502,22130,19270
,25224,47327,13677,21688
,30198,18043,32190,31842
,19412,38444,28638,39021
,4688,34887,43335,51534
,39485,47911,8528,45134
,5301,37854,8970,45908
,22650,37068,17481,25673
,30537,14810,49059,10594
,2264,52639,13213,46577
,17293,48191,5461,11210
,37694,54398,44746,39026
,19907,53981,8984,31845
,7523,34873,35725,19277
,2263,54505,3550,32298
,37693,53720,30257,11228
,41846,42838,54520,19283
,22970,10211,37240,29416
,9486,37433,4547,45930
,19909,21556,6674,54628
,9488,58932,13683,11217
,41848,2661,3306,19248
,9443,33631,42021,46570
,4595,47927,21741,25674
,7122,47329,4123,10593
,5229,53943,15746,39019
,35199,38472,6446,53600
,4592,29732,7594,25680
,5220,20479,44779,36899
,47312,2668,36957,45133
,40761,21752,28607,51533
,5218,10227,33841,29489
,53371,21560,11923,46524
,12741,37405,13648,10391
,7114,47316,34856,45193
,35197,21938,19372,25620
,9489,33435,9431,10701
,21190,43570,10039,54643
,41849,2657,38653,56326
,20841,54391,14499,37311
,29104,36523,7799,45167
,17633,53944,23815,36806
,29103,21558,24668,33910
,19908,29735,1836,45158
,2262,54396,4578,51558
,37692,52637,12904,56319
,7522,2650,18402,45160
,9487,33432,9055,51560
,22971,27690,5698,56321
,5272,10220,7881,37316
,19906,34889,9127,10706
,37695,25167,13198,54644
,5219,21533,12876,31829
,29192,25193,47248,25627
,35196,27059,4638,10396
,12740,9485,4852,33928
,40760,25158,2399,45194
,35191,14881,2963,46523
,7112,47148,22841,10998
,35198,21954,43876,37329
,5228,21534,39263,48016
,4593,25194,12882,29445
,5217,53928,15406,33917
,7123,35908,10174,36801
,7781,47342,57481,25618
,,27061,26624,31816
,,21998,31693,56317
,,25160,35233,37320
,,20620,15250,54672
,,21953,59943,45156
,,14886,9118,51556
,,25399,35657,10192
,,42865,6150,46515
,,42891,3610,25611
,,47389,35465,45169
,,47146,6362,31820
,,47374,23500,33921
,,37003,44406,25616
,,10245,21091,49902
,,25156,2504,31818
,,20616,13361,10195
,,52652,7244,46512
,,27057,35491,33919
,,47380,34543,51551
,,33457,33766,45151
,,35901,20715,54675
,,53921,39638,37327
,,58191,36442,10398
,,21965,5345,33926
,,47945,24187,29480
,,48131,13537,31827
,,21991,12885,25629
,,28444,34749,48027
,,20629,28316,37318
,,52655,39264,45931
,,25707,15892,29417
,,26182,13359,19282
,,20611,22846,54629
,,3384,43871,31844
,,25151,2964,39027
,,21505,4069,13926
,,10242,4855,46318
,,47373,43885,11229
,,37004,12429,19276
,,14888,5389,32299
,,17631,1729,36898
,,47141,9120,25681
,,21996,12871,53601
,,58196,15268,51532
,,21962,15866,45132
,,42854,39290,19249
,,21559,36445,11216
,,38474,5342,21483
,,29734,24180,39018
,,42837,43240,25675
,,47921,13702,46549
,,37067,11869,19271
,,53710,13366,21689
,,34888,7243,43209
,,27691,44401,39020
,,10221,5726,31843
,,54397,2503,29410
,,27665,13968,19285
,,33433,35462,45936
,,52636,17732,25672
,,2651,15065,11211
,,2669,24722,46576
,,38473,10517,45909
,,53942,15257,45135
,,29733,59178,10105
,,43571,59944,51535
,,2656,18548,53606
,,33434,35650,30166
,,36522,26623,39016
,,10226,35234,19247
,,21753,15401,11218
,,47317,22870,58445
,,21939,42995,45900
,,52638,39636,36896
,,14811,24189,43200
,,48190,44408,46540
,,34872,7844,19278
,,34886,39252,32297
,,18042,33768,21680
,,37069,9116,25644
,,33630,47279,58822
,,10680,35659,11643
,,54504,15408,39029
,,37432,38522,46316
,,21557,36225,56342
,,10210,7047,11485
,,42839,35692,54627
,,53719,14347,29419
,,25799,44437,10133
,,47917,5710,21674
,,21937,22241,53608
,,10228,5374,18530
,,34881,43878,45907
,,20449,26615,29421
,,14816,12420,46578
,,2658,6505,10134
,,37435,5380,21673
,,21550,36487,45938
,,10217,10145,54620
,,47326,3245,58825
,,54503,2397,11644
,,47928,15053,46311
,,2667,24714,25643
,,10243,17704,46547
,,53918,13196,21687
,,47140,9129,11220
,,47372,55783,43207
,,37005,47246,45150
,,52654,12878,51550
,,47386,4636,37326
,,25150,15261,23514
,,20610,57488,54674
,,3385,38525,25617
,,21963,9323,49903
,,35907,15259,31819
,,53927,59176,33918
,,28442,9111,10194
,,21997,13992,46513
,,3382,13368,48026
,,25157,39255,37319
,,47381,5728,10997
,,33456,7843,33927
,,20041,22877,10399
,,52653,42992,31826
,,27056,5942,25628
,,47375,39631,10193
,,37002,13191,46514
,,47147,55784,25610
,,18029,47241,49904
,,10244,15266,51301
,,21990,59149,37321
,,25168,39890,56316
,,28445,15054,23513
,,5876,10142,51557
,,42852,3242,45157
,,35900,2390,31821
,,48130,12427,33920
,,21964,26612,45168
,,58190,6502,29472
,,21999,5387,48021
,,27060,36480,56329
,,20621,1727,15281
,,25161,22848,25626
,,35909,22246,10999
,,25195,5373,33929
,,47343,13165,45195
,,42890,28318,10397
,,21952,34747,51561
,,25398,7040,45161
,,25192,35695,10707
,,59428,36222,54645
,,21532,5525,48028
,,25166,13357,37317
,,27067,17757,56320
,,53911,35407,33916
,,21955,3672,25619
,,14880,5585,31817
,,58155,1919,37328
,,20619,15232,48017
,,25159,40454,10738
,,16764,12473,29444
,,52626,26646,37310
,,37083,42131,56327
,,33423,1541,10700
,,20450,1787,54642
,,54387,5327,45166
,,27675,12487,51566
,,19946,13555,45192
,,37413,5929,10390
,,10231,33360,46525
,,34898,40692,51559
,,35176,44232,45159
,,50185,7226,56318
,,47132,43473,48010
,,24652,33704,8211
,,37077,5571,33911
,,49063,25453,25308
,,35149,46333,46468
,,29724,13131,49878
,,21549,7828,38027
,,38464,10129,59222
,,37070,3229,16788
,,47135,23905,30078
,,37414,29255,45219
,,53999,12814,29531
,,27672,4468,40559
,,54380,17768,33897
,,33424,8063,49847
,,48189,45589,37296
,,16763,7219,58935
,,14808,9383,28428
,,10209,5916,25337
,,47338,39665,45014
,,49064,11833,51626
,,20830,47488,32374
,,35147,22823,45226
,,21547,33531,30047
,,37422,5744,38018
,,10200,46334,17457
,,39914,13136,50390
,,2670,7221,33890
,,20461,43474,59225
,,48174,33703,26328
,,37079,5576,38020
,,53964,44235,34619
,,38455,5320,17450
,,53990,36427,30040
,,48180,47682,29951
,,14801,12480,29509
,,54183,43222,32373
,,33415,42136,45221
,,47336,1546,40561
,,21540,10111,45013
,,20492,40453,51621
,,10207,38549,46450
,,54177,26641,22929
,,48187,15235,25330
,,2648,4662,13838
,,14806,44497,34626
,,34865,47212,37291
,,20459,43480,30049
,,53997,3675,59213
,,34891,5582,38016
,,38452,36418,17459
,,53963,33358,51628
,,27688,5911,29500
,,21987,39662,45228
,,58173,11834,46459
,,42845,22824,22920
,,35917,9384,49849
,,21973,8256,37298
,,58187,7810,32345
,,3395,22488,45217
,,20600,12813,46492
,,33441,29252,40557
,,47396,47649,45025
,,10253,33351,33899
,,38439,14573,38029
,,21974,19862,16786
,,58180,26683,49882
,,42842,5316,30076
,,35910,25462,16772
,,29741,45587,49876
,,53930,5540,30082
,,25178,4492,11133
,,20852,7217,46466
,,58174,10771,22927
,,10254,24776,29507
,,18039,4466,38011
,,27046,17766,59214
,,52643,3643,11134
,,47391,32277,46461
,,42874,10127,49871
,,18030,6755,16775
,,21942,54065,29994
,,9003,3227,30085
,,47398,47640,49885
,,42880,7228,16781
,,47353,3688,30071
,,58189,44658,17461
,,25185,13903,45022
,,25171,7826,32342
,,27070,49375,45210
,,21989,1789,46495
,,25149,5329,23290
,,31911,39654,53583
,,8310,5927,13061
,,21945,38540,19769
,,9004,26648,53577
,,18037,23934,17435
,,42873,3218,29934
,,25720,38772,30025
,,25176,35409,21701
,,25182,17759,45244
,,21522,24749,32316
,,47354,1917,40504
,,47337,29264,44998
,,54512,49381,23264
,,21541,6900,51644
,,20493,47647,19756
,,54182,46795,8133
,,58925,26670,45881
,,33414,6752,43178
,,38453,35055,29761
,,27689,3220,45875
,,34890,22486,36789
,,53708,17761,32329
,,36991,3644,59240
,,50179,45574,38045
,,48186,44660,40503
,,2649,4495,23263
,,14807,8258,51643
,,9093,25465,29759
,,20458,13563,45243
,,34864,26684,21706
,,52616,36416,11193
,,22561,33356,32311
,,2671,12683,29933
,,33413,37957,52690
,,36505,29263,59278
,,20460,59326,53570
,,54185,42138,17432
,,21546,38775,53584
,,37423,1548,41041
,,47330,38547,46432
,,38692,6799,38042
,,53991,22815,59247
,,54388,39653,45872
,,9094,5920,45288
,,48181,38781,45886
,,14800,36429,8134
,,36996,49372,13059
,,37078,13138,30014
,,48175,5578,29905
,,38454,58200,26343
,,27673,21099,4704
,,16762,5729,45047
,,48188,7842,40535
,,2647,13369,5080
,,14809,39254,36787
,,33425,42993,32327
,,50183,22876,43182
,,24654,39630,5074
,,53706,11892,36773
,,37071,38524,43176
,,47306,57489,19758
,,37415,59177,32318
,,27687,15258,44996
,,49065,13993,29750
,,54178,9110,59271
,,38462,5372,41048
,,10208,33335,8102
,,47339,22849,19767
,,34899,36223,39360
,,10230,13356,22942
,,37412,34746,43149
,,27680,35694,13057
,,36998,7041,47989
,,37076,13164,5073
,,47133,24712,36774
,,50184,15055,45286
,,24653,53640,43171
,,33422,17702,37494
,,37082,47240,45888
,,16765,35660,36780
,,54386,13190,45272
,,27674,55785,32320
,,47930,39891,43185
,,29725,15267,45040
,,38465,51741,40532
,,21548,6503,26344
,,35148,12426,4703
,,52618,26613,59249
,,21944,5386,30013
,,9005,36481,22945
,,53900,10143,59282
,,18036,4066,59276
,,42886,6731,44991
,,5856,3243,29757
,,25148,2391,21708
,,21523,59342,29506
,,25183,47278,59215
,,47355,35658,38010
,,25177,9117,36942
,,25719,38523,13837
,,47399,6709,28276
,,42881,11895,22926
,,5851,24188,17460
,,38436,13538,30070
,,53907,42994,49884
,,18031,22871,16780
,,14896,5944,45211
,,21943,39637,32343
,,25170,39253,46494
,,21988,33769,45023
,,47352,7845,40551
,,58188,10144,11135
,,35918,2396,22919
,,21524,26614,46460
,,25184,12421,49870
,,25179,5381,16774
,,58175,36486,22921
,,20853,47247,28427
,,47955,12879,46458
,,58181,29238,25338
,,21975,9128,49848
,,29740,13197,37299
,,53931,15260,38017
,,35911,39896,17458
,,42843,4637,30048
,,47390,15052,29501
,,52642,17705,45229
,,3393,35693,10219
,,42888,7046,51629
,,25146,13163,30083
,,18038,44436,16773
,,5894,14346,49877
,,35916,36224,24483
,,42844,43879,11132
,,59430,22240,46467
,,58186,5375,45024
,,21972,17966,33898
,,58172,12428,40556
,,20854,1728,45216
,,21986,5388,46493
,,54546,4854,30077
,,10252,4068,16787
,,20601,43884,49883
,,25717,39291,51272
,,47397,15867,38028
,,21493,12870,33891
,,25201,9121,26329
,,10320,15269,38021
,,20926,15893,59224
,,8255,39265,22928
,,42936,13358,46451
,,53888,28317,25331
,,21494,34748,37290
,,51942,2965,13839
,,8252,22847,30041
,,25239,59945,29950
,,35897,15256,17451
,,15451,21063,50396
,,42938,35651,45012
,,26441,35463,40560
,,17134,15064,51620
,,25230,10172,29508
,,22015,15400,45220
,,49518,57487,32372
,,49527,18911,59223
,,57845,17959,30079
,,25237,26622,38026
,,22012,13703,33896
,,35899,22878,40558
,,17133,19239,45218
,,49520,20713,25309
,,25208,24181,46469
,,53886,36444,49879
,,43228,5343,45227
,,33399,43241,32375
,,38315,44400,45015
,,8237,5727,51627
,,27739,13969,38019
,,43288,2502,17456
,,54831,7242,50391
,,51927,13367,30046
,,36674,43877,58934
,,25263,9784,49846
,,20523,22840,37297
,,34775,25857,28429
,,47889,12883,25336
,,53687,7048,40533
,,4603,7874,45041
,,10726,39262,32321
,,34781,12877,36781
,,9920,7880,45273
,,51918,13199,43184
,,53673,9126,59248
,,54032,4639,30012
,,25297,15860,26345
,,9578,4853,4702
,,51920,2398,13056
,,54836,35490,45889
,,54035,34542,37495
,,25290,13360,5072
,,53674,33767,36775
,,20386,44407,45287
,,4604,2505,43170
,,58268,24186,59277
,,53680,36443,21709
,,50237,5344,44990
,,34772,2353,29756
,,20524,39639,22944
,,27701,20714,8104
,,36673,57480,39366
,,25264,31692,59283
,,25299,10175,11150
,,10728,15407,5075
,,51916,35464,36772
,,47289,6363,43177
,,53689,15063,19759
,,57229,59942,26342
,,49545,15251,4705
,,51929,35656,29904
,,54003,6151,32326
,,27737,9119,5081
,,20512,23793,36786
,,25252,10783,43183
,,8239,25464,40534
,,54493,4494,45046
,,9585,39209,19766
,,49542,14575,39361
,,47880,19864,59284
,,58266,36417,41049
,,50239,3221,22943
,,20388,26671,43148
,,9571,47646,44997
,,54807,45575,29751
,,15296,25490,32319
,,58259,3645,59270
,,54494,35430,53578
,,43275,17760,53585
,,43281,36428,39368
,,10773,39652,52665
,,17132,38780,46433
,,53070,5921,32310
,,15665,34529,11192
,,25236,5579,21707
,,35898,49373,45242
,,22013,13139,40502
,,33737,13905,23262
,,14788,37956,51642
,,38314,12823,29758
,,53887,29262,53571
,,47689,38546,17433
,,49521,23932,29932
,,25209,42139,30023
,,36070,1549,59279
,,20929,38774,52691
,,20571,1929,45887
,,25231,4467,45289
,,49519,3642,8135
,,22014,17767,13058
,,17135,47225,59246
,,26440,4655,38043
,,49526,10770,45873
,,37955,47641,29935
,,53889,40464,30024
,,43227,24121,53576
,,25207,10126,17434
,,30183,1571,44999
,,57243,3226,40505
,,26220,6754,23265
,,8253,35053,51645
,,25238,26682,32317
,,10321,19863,45245
,,24742,5317,21700
,,30184,14572,23291
,,57244,5919,46434
,,25200,33350,41047
,,24789,12685,53582
,,8254,5541,13060
,,34729,4493,32328
,,20927,7216,36788
,,20389,45586,29760
,,49543,23935,45874
,,9584,3219,45048
,,50238,38541,38044
,,47881,26649,59241
,,58267,29265,8132
,,43280,12824,19757
,,47412,17758,43179
,,9917,1916,45880
,,54495,13902,49860
,,15297,3689,46470
,,27731,44659,25310
,,25254,39655,45033
,,47886,5926,40541
,,58260,1788,46484
,,53688,40452,29529
,,49544,38548,45201
,,9577,26640,32353
,,25298,42137,30060
,,38143,10110,49894
,,10729,1547,26337
,,25253,3674,22936
,,27736,35401,28430
,,43273,59329,50388
,,54492,5583,38038
,,51928,4663,26330
,,54002,15234,30067
,,51921,6134,49893
,,9919,47213,46483
,,34773,51376,45206
,,50236,43475,32354
,,53681,7220,33888
,,58269,5577,45034
,,25265,33702,10236
,,44252,33530,40546
,,36672,13137,46477
,,47423,46335,25317
,,54808,5321,49867
,,25291,36426,51639
,,9926,12481,45239
,,53675,44234,29511
,,20387,15496,30058
,,43289,40694,29949
,,1941,8091,17448
,,51926,51349,38007
,,46965,29253,37289
,,27738,1920,49858
,,51919,6339,10699
,,53672,22489,25328
,,10727,9715,22931
,,9921,47648,46448
,,34780,11835,28437
,,54033,5910,45230
,,25296,39663,32362
,,20522,22825,51630
,,25262,36419,45002
,,47888,9385,17441
,,57226,34518,29940
,,52754,44233,30051
,,53686,33361,49851
,,34774,40693,25321
,,26431,5928,22938
,,3405,5326,46441
,,54475,1786,38031
,,46978,12486,26339
,,49568,25452,33881
,,25240,13130,33875
,,51904,46332,25326
,,54812,7227,28439
,,10198,46100,49856
,,49557,44657,41035
,,58273,33705,29947
,,34769,15233,30056
,,20967,47214,17446
,,57835,6133,38009
,,20507,3673,51637
,,27722,17756,45005
,,25247,5584,45237
,,53657,42130,32365
,,3402,10117,8140
,,43293,40455,49869
,,54016,12472,46479
,,26436,26647,25319
,,58274,9382,33872
,,25278,7218,45208
,,53668,7816,33886
,,58280,45588,40548
,,57235,5319,10238
,,53695,11832,29978
,,5505,5917,30069
,,34555,39664,59233
,,34767,22822,39376
,,47295,10128,59293
,,10196,32278,23288
,,25271,3228,44974
,,49559,23904,11178
,,25285,4469,39712
,,54020,17769,29746
,,20393,29254,44980
,,53661,39646,59267
,,10734,13549,10608
,,46976,43239,43160
,,46982,13911,36765
,,10733,47209,45297
,,53666,23926,5062
,,20394,3804,45899
,,47868,40448,37485
,,25282,4480,4712
,,47430,14337,29913
,,25276,45595,30002
,,47292,25470,59258
,,34760,3497,43194
,,36037,7037,56674
,,53692,41551,32331
,,34552,40483,36791
,,18798,26691,45263
,,26438,22231,40523
,,54018,12696,37471
,,47857,50423,52688
,,46985,33343,59260
,,51932,26665,32309
,,53659,23919,44987
,,54488,3235,43158
,,46971,6747,52816
,,20509,56720,39371
,,25249,24300,40524
,,57259,3651,43193
,,53893,35424,32336
,,53064,22493,56673
,,17126,53636,45264
,,27747,4474,36796
,,22007,3463,29914
,,50427,29249,4715
,,25222,47236,26352
,,57266,4028,37482
,,24794,23921,43167
,,21488,3669,45290
,,53894,18536,36762
,,57261,22699,38053
,,22000,15229,59256
,,25225,7833,36901
,,27740,46328,45299
,,53063,13916,45897
,,17121,11817,59269
,,1939,14559,52681
,,22009,44229,29922
,,17128,39641,17423
,,38755,40689,10606
,,25213,5932,53561
,,22660,4641,51652
,,50240,3656,29748
,,36052,22494,23272
,,14792,35423,40512
,,38752,4473,45252
,,20933,54070,23286
,,8240,3232,46423
,,25214,26450,43151
,,27712,6740,52675
,,25277,4017,41050
,,18799,26662,58941
,,34761,22838,53595
,,36036,49509,45890
,,53667,12691,43169
,,10732,11828,47991
,,25283,14566,36906
,,54489,33344,47965
,,25248,26696,59251
,,20508,22236,38054
,,26439,14330,37478
,,54019,45592,32338
,,46984,33512,36798
,,25284,25477,46424
,,10735,13115,43156
,,53660,34737,23281
,,34766,9398,32307
,,47294,29088,45255
,,20968,4487,21710
,,10197,53638,51655
,,25270,37973,23275
,,49558,8085,44989
,,27715,47238,40515
,,51934,26459,17424
,,49567,9701,52686
,,44278,23917,29925
,,46977,39683,17447
,,34759,22831,38008
,,53656,12698,29946
,,54017,11821,30057
,,26437,5904,32364
,,43292,39677,45236
,,17142,9391,51636
,,25246,39213,25327
,,20506,7805,28438
,,54487,49356,46447
,,34562,8071,41034
,,58281,13920,49857
,,53669,7039,10239
,,58275,4021,40549
,,18797,10104,33887
,,36038,26654,29521
,,20961,21471,45209
,,49551,3452,29979
,,46979,47207,30068
,,13949,22690,59232
,,20501,15220,38037
,,27724,44482,49868
,,25241,4445,8141
,,26430,3660,33873
,,53651,17745,46478
,,3404,13123,25318
,,36669,49369,25320
,,44249,25441,46440
,,10199,33524,22939
,,49556,58815,51631
,,34768,3694,45003
,,20966,34533,32363
,,58272,7234,45231
,,51905,46113,29519
,,54813,43237,29941
,,38753,13547,30050
,,36054,36432,50387
,,25215,25479,17440
,,33370,8076,33874
,,21487,7802,8146
,,14794,13927,38030
,,38754,9396,26338
,,20599,4489,59235
,,17129,39214,29526
,,51956,22836,46476
,,22008,14568,25316
,,27748,11826,49866
,,47692,5903,49892
,,25212,39670,30066
,,57256,4019,29977
,,22661,39684,38039
,,50241,37974,26331
,,36053,8082,40547
,,53895,29240,10237
,,53062,3658,33889
,,17120,13540,45035
,,24766,5332,46482
,,27741,36435,32355
,,22001,44227,45207
,,57258,14557,10698
,,53892,11819,37288
,,38133,40687,49859
,,22006,43002,25329
,,50426,3693,46449
,,25223,34534,28436
,,27746,46114,22930
,,51958,7233,45238
,,15442,13124,29510
,,53065,13918,51638
,,17127,46326,17449
,,42859,25446,38006
,,25197,33523,30059
,,27062,5590,29948
,,20623,3667,46485
,,25163,17742,32352
,,14885,35412,45200
,,21950,18538,40540
,,21508,3455,45032
,,53914,6127,26336
,,3389,47200,49895
,,52658,22697,49861
,,25164,15227,30095
,,28449,10755,46471
,,52660,26653,25311
,,21968,4026,50389
,,25190,42124,28431
,,58157,7603,22937
,,42861,13726,38055
,,38422,2371,59250
,,10248,14503,36799
,,47379,5366,32339
,,21957,36461,37479
,,14882,22253,43168
,,52656,25412,45891
,,27053,15287,51654
,,20044,5702,23274
,,33453,34752,40514
,,20420,35680,44988
,,25152,13170,21711
,,20612,7869,45254
,,3387,47092,32306
,,21506,7267,52687
,,42868,35674,30035
,,24622,13184,29924
,,17632,6341,17425
,,47142,10533,52673
,,21995,22095,53593
,,58195,6725,23280
,,21539,3257,43157
,,25199,2385,46425
,,9444,4072,36900
,,47377,5392,8124
,,37000,51755,45896
,,21959,26607,45298
,,24625,8210,59257
,,47145,57469,38052
,,10246,5359,36755
,,20615,39624,43150
,,25155,20709,46422
,,47383,11872,23287
,,33454,42987,53594
,,52651,22862,58940
,,14878,26638,17422
,,27054,38530,53560
,,35902,10168,10607
,,47946,11886,52680
,,21966,22896,59268
,,28447,35479,29923
,,5874,13987,45253
,,18040,12855,32301
,,37857,9104,51653
,,14813,21079,29749
,,48192,5395,23273
,,34870,51752,40513
,,27669,26600,39714
,,54506,43297,43159
,,21555,22092,39370
,,20487,3250,8112
,,37430,42177,59261
,,29738,2382,53569
,,2662,10150,44986
,,33632,4075,32308
,,58931,17711,43166
,,53985,24701,45291
,,34877,35673,37483
,,14814,13183,43192
,,27038,39278,45265
,,33438,36230,36797
,,47129,5537,56672
,,21935,44610,32337
,,37408,25415,37477
,,34883,15280,40525
,,2665,5705,4714
,,33635,44422,29915
,,10215,34755,29747
,,21552,35687,44981
,,37437,5361,10609
,,54501,36466,59266
,,24676,7604,8115
,,20489,2376,59292
,,29736,14504,39377
,,42835,6379,39713
,,48533,11881,11179
,,54508,35826,23289
,,27667,42148,29912
,,33431,23943,59259
,,52634,31688,4713
,,2653,38537,37470
,,27693,39623,40522
,,10223,11875,43195
,,38449,22865,36790
,,42832,36459,45262
,,38471,31218,32330
,,29193,39247,56675
,,27694,35477,37484
,,10224,6370,45898
,,37406,13387,43161
,,53715,13989,45296
,,47127,15242,56681
,,52633,18905,10582
,,2654,26636,25665
,,33436,57493,4695
,,54392,15414,50404
,,36520,4043,46561
,,20614,11888,19259
,,3381,42141,45122
,,14879,7400,51522
,,52650,57467,53611
,,47382,36450,18529
,,33455,5357,32289
,,24624,20707,49516
,,47144,42989,19266
,,47376,35483,46308
,,21958,13373,31854
,,37001,31211,54639
,,10247,7858,29407
,,21500,25423,19292
,,28446,32494,45921
,,20419,44414,4666
,,42851,21083,30176
,,35903,3259,53616
,,9442,10159,51525
,,21967,17972,45919
,,47349,26609,10327
,,42869,12864,45125
,,21507,9135,50403
,,37006,36837,46566
,,24623,15289,4692
,,47143,12890,10585
,,52657,22853,25662
,,20613,11843,45926
,,3386,5368,10318
,,25153,31216,19295
,,20421,2511,53629
,,21960,25424,31853
,,58194,44413,39030
,,25198,5734,43219
,,21538,39249,21699
,,21994,35484,46559
,,21969,7251,19261
,,47347,6383,21664
,,25191,13374,51513
,,28448,20700,29409
,,25165,3295,45113
,,52661,7407,54637
,,10249,24192,53620
,,42860,36457,11653
,,14883,4282,58832
,,12348,5350,25654
,,47378,10161,32287
,,48330,4044,11005
,,21956,28599,21690
,,14877,42146,19268
,,58156,26631,43210
,,25162,31686,18527
,,20410,57494,45910
,,25196,38539,11208
,,5286,4276,58455
,,21536,34790,19257
,,47724,15245,31865
,,42858,6377,43217
,,47340,3605,11230
,,52659,36468,11002
,,21951,17981,21697
,,14884,19027,46557
,,42867,2378,25653
,,38424,22854,54630
,,21509,11844,10316
,,53941,39276,45114
,,38470,5539,51514
,,29730,12897,31862
,,42833,35689,46568
,,33437,7860,19250
,,52632,13179,58452
,,27037,1951,10329
,,43572,12863,45917
,,2655,9132,30178
,,34878,35219,25638
,,54393,35817,31836
,,36521,23911,49322
,,53370,39685,10389
,,27695,4018,29491
,,37407,3659,29465
,,21562,1932,37309
,,10225,37975,48036
,,47126,15219,46503
,,42834,29241,33908
,,20488,8083,49913
,,53946,9397,25607
,,29737,4488,54664
,,54509,25478,48009
,,37858,44817,51540
,,27692,22239,45140
,,38448,49506,56339
,,53979,22837,48031
,,10222,5902,29462
,,54394,39671,45178
,,27666,14569,29496
,,52635,11827,33930
,,39936,6126,49325
,,37090,47201,11638
,,33430,18539,31831
,,21934,3454,45147
,,47128,59935,51547
,,34882,15226,37331
,,37409,4443,54663
,,38441,17743,49914
,,14815,3666,46736
,,21553,10102,28586
,,10214,4027,29454
,,54500,42125,48007
,,2664,26460,25609
,,33634,26652,33906
,,33406,40686,37307
,,14812,14556,56330
,,27668,11818,48038
,,34871,43003,54655
,,18041,43231,45171
,,38446,36434,10141
,,34885,13919,45185
,,37856,46327,10387
,,21933,13125,46532
,,2663,25447,25636
,,33633,33710,31838
,,54507,34535,33901
,,37431,46115,46738
,,10213,7232,45149
,,,3692,28581
,,,12699,51549
,,,22830,29453
,,,49501,11636
,,,5905,25631
,,,39676,29498
,,,11820,51576
,,,14338,54652
,,,13921,37300
,,,7038,56337
,,,49357,54631
,,,3498,53626
,,,7804,51515
,,,9390,45115
,,,8242,10317
,,,39212,45929
,,,47239,21696
,,,8084,32281
,,,53639,11003
,,,6748,46556
,,,26458,43216
,,,9700,11231
,,,54078,25652
,,,39682,10328
,,,10308,45916
,,,34532,30179
,,,7235,31863
,,,46112,58453
,,,3695,19251
,,,25440,46569
,,,43236,25655
,,,36433,11652
,,,26655,43211
,,,40447,21691
,,,4020,11004
,,,23929,32286
,,,4444,19269
,,,17744,45112
,,,35414,21665
,,,3661,51512
,,,47206,29408
,,,22691,53621
,,,3453,54636
,,,15221,19256
,,,13917,58454
,,,39640,11209
,,,5933,31864
,,,40688,18526
,,,11816,45911
,,,44228,11200
,,,14558,50402
,,,20799,46567
,,,35845,10584
,,,3802,25663
,,,22698,4693
,,,18537,45124
,,,15228,45918
,,,3668,10326
,,,40485,51524
,,,22237,31852
,,,26697,21698
,,,47492,19260
,,,1590,46558
,,,11829,43218
,,,29089,19294
,,,9399,45927
,,,4486,10319
,,,25476,8095
,,,14331,53628
,,,45593,29439
,,,34736,51523
,,,13114,45123
,,,22495,37503
,,,3657,18528
,,,21210,4694
,,,4472,10583
,,,4640,25664
,,,10301,19258
,,,26663,50405
,,,6741,46560
,,,54071,11207
,,,4016,54638
,,,47208,45920
,,,40449,19293
,,,38761,32288
,,,23927,19267
,,,44821,49517
,,,39647,31855
,,,5934,46309
,,,13910,28580
,,,7835,51548
,,,6746,29452
,,,54076,45148
,,,26456,33900
,,,56721,46739
,,,24301,45177
,,,10306,51577
,,,26664,56336
,,,29248,37301
,,,47237,54653
,,,3462,25630
,,,22492,11637
,,,35425,29499
,,,3650,46534
,,,53637,25608
,,,4475,33907
,,,25471,48006
,,,14336,10386
,,,45594,25637
,,,7036,31839
,,,49359,54654
,,,3496,56331
,,,50422,37306
,,,12697,48039
,,,39678,10140
,,,33342,51570
,,,20755,45170
,,,14560,33931
,,,40482,29497
,,,31687,31830
,,,38538,49324
,,,57495,11639
,,,15412,56338
,,,4045,48030
,,,10160,45179
,,,42147,29463
,,,28598,51579
,,,3604,46505
,,,13381,46737
,,,6376,51546
,,,15244,45146
,,,21071,54662
,,,39248,37330
,,,8218,29464
,,,7250,37308
,,,31217,48037
,,,2510,49323
,,,44412,25639
,,,5735,31837
,,,7406,29490
,,,4283,10388
,,,36456,54665
,,,5351,45141
,,,3294,51541
,,,9133,33909
,,,12862,46502
,,,35816,25606
,,,42178,51563
,,,2379,29479
,,,22855,45163
,,,36469,10705
,,,17980,54647
,,,13178,56322
,,,12896,37315
,,,35688,10395
,,,5538,45197
,,,15881,48015
,,,39277,54678
,,,20706,29446
,,,3293,33914
,,,42988,31815
,,,7401,36802
,,,4284,10392
,,,36451,45190
,,,5356,46527
,,,31210,25623
,,,44415,37312
,,,32495,10702
,,,25422,54640
,,,13372,45164
,,,7257,51564
,,,35482,36805
,,,6385,33913
,,,13988,29441
,,,15243,25615
,,,13386,49901
,,,35476,46511
,,,6371,45152
,,,11889,51552
,,,15415,56313
,,,10167,37324
,,,42140,23516
,,,26637,54676
,,,4270,33925
,,,57492,45199
,,,8220,31824
,,,39270,54649
,,,15886,48024
,,,15288,54671
,,,36836,56314
,,,7866,37323
,,,18597,51555
,,,12891,45155
,,,5369,46516
,,,22852,25612
,,,11842,49906
,,,26608,29470
,,,9762,48023
,,,3258,31823
,,,10158,33922
,,,15872,46529
,,,9134,45902
,,,29224,36894
,,,5704,39014
,,,25414,25679
,,,34754,50418
,,,35686,58447
,,,7261,11487
,,,36231,56340
,,,5536,54625
,,,44611,21676
,,,2377,10131
,,,7605,11225
,,,14505,43202
,,,5360,35282
,,,36467,46542
,,,33115,21682
,,,19028,32295
,,,3251,31848
,,,35818,25646
,,,2383,11641
,,,22093,46314
,,,4074,18532
,,,10151,36893
,,,5394,45139
,,,26601,45905
,,,51753,10109
,,,13182,51539
,,,3635,29423
,,,6347,11646
,,,17710,58827
,,,24700,46313
,,,7408,25641
,,,36458,46545
,,,11874,21685
,,,39622,32292
,,,22864,11222
,,,31219,43205
,,,9330,19289
,,,6378,21671
,,,13981,10136
,,,12853,54622
,,,14398,31846
,,,31689,25648
,,,35229,39025
,,,4279,19274
,,,38536,45933
,,,11880,19280
,,,35827,29415
,,,23942,21678
,,,4625,48046
,,,35675,11489
,,,5393,46573
,,,26606,21481
,,,51754,58449
,,,3256,11214
,,,2384,25677
,,,22094,53603
,,,4073,25683
,,,10156,51530
,,,5367,45130
,,,36460,19287
,,,33112,10138
,,,22252,45108
,,,2370,45934
,,,13727,19273
,,,7602,58829
,,,14502,39022
,,,5531,11648
,,,15286,31841
,,,44424,45137
,,,5703,10107
,,,25413,51537
,,,13171,53604
,,,34753,25670
,,,35681,11213
,,,11887,46574
,,,10169,46517
,,,26639,25613
,,,38531,49907
,,,9105,37322
,,,13986,56315
,,,12854,23510
,,,13388,54670
,,,35478,45154
,,,13972,10164
,,,7259,51554
,,,11873,31822
,,,39625,46528
,,,22863,33923
,,,5358,48022
,,,11901,29449
,,,22911,51553
,,,49420,45153
,,,19350,54677
,,,2833,37325
,,,55629,56312
,,,41827,23517
,,,57942,25614
,,,12926,49900
,,,8999,46510
,,,6803,48025
,,,18420,54648
,,,59010,33924
,,,38671,45198
,,,6669,31825
,,,23837,54641
,,,7589,23521
,,,17830,37313
,,,32179,56324
,,,24820,51565
,,,32945,45165
,,,17691,46526
,,,44764,45191
,,,55616,10393
,,,3586,25622
,,,57525,29440
,,,41440,8212
,,,35397,31813
,,,6490,36804
,,,22112,33912
,,,34077,46519
,,,1641,25625
,,,17033,45196
,,,6656,10394
,,,23808,46521
,,,14484,45162
,,,17665,51562
,,,4565,37314
,,,53727,56323
,,,15300,10704
,,,5685,54646
,,,12919,33915
,,,35707,36803
,,,9048,31814
,,,54730,54679
,,,32942,48014
,,,21569,23519
,,,20689,29447
,,,4139,19272
,,,13699,31840
,,,32728,58828
,,,12921,39023
,,,6804,56348
,,,2498,45935
,,,13209,45109
,,,2834,29413
,,,50738,19286
,,,8532,10139
,,,44936,10596
,,,41478,25671
,,,58555,46575
,,,11906,10106
,,,7748,51536
,,,22916,45136
,,,15307,53605
,,,5682,30165
,,,35700,29414
,,,18418,19281
,,,54737,21679
,,,35532,45932
,,,4562,11488
,,,34084,39024
,,,26541,31847
,,,38649,25649
,,,14483,19275
,,,33093,25682
,,,17034,53602
,,,7777,30162
,,,19368,45131
,,,13652,51531
,,,57522,46740
,,,41447,11215
,,,6497,21480
,,,25566,58448
,,,5676,50417
,,,17696,46572
,,,46808,25676
,,,41211,18533
,,,44763,10108
,,,9274,51538
,,,53729,29422
,,,35709,45904
,,,6832,45138
,,,18411,45107
,,,9046,19288
,,,6658,10137
,,,23806,21670
,,,26548,56346
,,,33852,54623
,,,28614,25640
,,,35399,11647
,,,34079,46312
,,,11930,11223
,,,31953,43204
,,,46801,46544
,,,39302,32293
,,,36944,21684
,,,3588,25678
,,,55618,39015
,,,4130,58446
,,,20680,45903
,,,6667,18534
,,,23839,36895
,,,13690,46543
,,,18876,32294
,,,7587,21683
,,,8997,43203
,,,37253,11640
,,,4554,58821
,,,47124,46315
,,,54533,31849
,,,8963,25647
,,,55627,24795
,,,24482,11486
,,,5472,56341
,,,44755,10130
,,,7325,21677
,,,40791,45240
,,,53386,21705
,,,20674,32312
,,,7741,40500
,,,57514,51640
,,,36943,23260
,,,5678,53573
,,,34628,17431
,,,31954,29930
,,,17698,52693
,,,46806,53587
,,,39305,8108
,,,7779,22948
,,,34842,46431
,,,19366,23294
,,,14479,59244
,,,41449,26349
,,,33855,38041
,,,28613,45871
,,,6499,56668
,,,23801,43188
,,,38647,45885
,,,24218,36779
,,,15309,39355
,,,9041,8137
,,,18416,23293
,,,54739,39709
,,,9273,53580
,,,41476,13062
,,,44938,29937
,,,57513,52694
,,,20441,53574
,,,22124,17436
,,,7746,40507
,,,44752,51647
,,,7322,23267
,,,13207,21702
,,,8964,45247
,,,55620,32315
,,,36140,19755
,,,5481,5079
,,,37254,45882
,,,4553,29762
,,,47123,23258
,,,54534,40538
,,,8990,45876
,,,26326,4709
,,,2496,38046
,,,21103,59243
,,,18871,47977
,,,17839,29908
,,,21567,8139
,,,4137,13054
,,,20687,37497
,,,6660,45285
,,,42035,5070
,,,3312,43172
,,,34829,45043
,,,7712,40531
,,,5045,10241
,,,19903,36783
,,,31331,45271
,,,22726,32323
,,,34643,43186
,,,7376,26347
,,,47183,4700
,,,4735,22946
,,,24425,28440
,,,9816,53589
,,,9218,8106
,,,7382,19763
,,,4507,59281
,,,45620,39364
,,,26524,59275
,,,12711,29754
,,,49489,26340
,,,6634,4707
,,,22184,38048
,,,4163,29906
,,,44396,36784
,,,56653,32324
,,,10274,43181
,,,6406,45044
,,,16183,45878
,,,44739,40536
,,,22719,36770
,,,20872,5077
,,,5248,43175
,,,39735,37490
,,,4994,13053
,,,16980,44995
,,,15739,23269
,,,23855,29753
,,,35930,51649
,,,24628,45249
,,,35568,11199
,,,13896,29939
,,,20886,59272
,,,17056,17438
,,,16184,19764
,,,12716,59286
,,,26523,39363
,,,22183,8101
,,,4164,22941
,,,56654,19300
,,,7385,46438
,,,4500,46498
,,,39993,33893
,,,15365,38023
,,,24422,59226
,,,46290,49888
,,,47184,16778
,,,39967,33867
,,,27253,30043
,,,13066,59219
,,,22721,50394
,,,34644,17453
,,,33839,40562
,,,43372,45010
,,,3187,51622
,,,2869,32370
,,,16170,45222
,,,22177,46453
,,,7715,25333
,,,5042,37292
,,,10628,34625
,,,45618,59221
,,,33698,38024
,,,9220,45028
,,,23852,33894
,,,22980,32348
,,,35937,29532
,,,29554,34622
,,,4993,49844
,,,22148,37295
,,,39500,46454
,,,8908,25334
,,,41842,32377
,,,20875,45225
,,,8306,45017
,,,45611,51625
,,,4536,50393
,,,32743,17454
,,,33691,22924
,,,24626,29504
,,,35566,59217
,,,13898,38012
,,,15353,46462
,,,14281,33869
,,,24414,49872
,,,20888,16776
,,,12512,30086
,,,23255,29997
,,,15737,17462
,,,4152,59228
,,,15505,49886
,,,56662,16782
,,,28649,30072
,,,50753,32341
,,,34818,45213
,,,22141,40553
,,,23093,45021
,,,44737,38015
,,,22717,29503
,,,49487,45019
,,,23864,22923
,,,29562,41029
,,,44398,40554
,,,5883,45026
,,,18473,32346
,,,12975,45214
,,,9216,46491
,,,4509,16785
,,,15398,49881
,,,20843,30075
,,,22728,16771
,,,49473,49875
,,,19303,30081
,,,34827,46465
,,,5877,36771
,,,33830,5076
,,,16179,43174
,,,22710,13052
,,,44502,29907
,,,8308,47978
,,,31551,26341
,,,7724,38049
,,,22146,4706
,,,23094,23257
,,,43343,45879
,,,50754,40537
,,,5241,45045
,,,15502,32325
,,,21737,36785
,,,4155,43180
,,,56665,8100
,,,3370,19765
,,,12515,39362
,,,6430,59287
,,,23252,46439
,,,15730,19301
,,,15354,22940
,,,24413,11198
,,,10626,45248
,,,4531,44994
,,,45616,23268
,,,32744,29752
,,,33837,51648
,,,22179,17439
,,,11955,29938
,,,5870,59273
,,,39969,56667
,,,13068,32322
,,,18480,36782
,,,12986,45270
,,,9211,43187
,,,18474,10240
,,,12972,40530
,,,12718,45042
,,,49480,26346
,,,23863,4701
,,,29565,30011
,,,1649,8138
,,,23800,13055
,,,38646,36776
,,,15308,5071
,,,54738,43173
,,,18417,59274
,,,9040,44993
,,,46807,29755
,,,31955,44967
,,,29196,28441
,,,17699,22947
,,,39304,19762
,,,5679,39365
,,,25569,59280
,,,34629,53588
,,,33854,8107
,,,41448,53575
,,,19367,17437
,,,49417,29936
,,,7778,52695
,,,3545,11196
,,,26327,32314
,,,2497,45246
,,,8991,21703
,,,37255,40506
,,,4552,51646
,,,32727,23266
,,,54535,46437
,,,47122,23292
,,,4136,41044
,,,20686,53581
,,,42034,13063
,,,6661,29763
,,,17838,23259
,,,6453,40539
,,,7581,45877
,,,21566,59242
,,,11909,30018
,,,14447,29909
,,,26585,38047
,,,22125,4708
,,,50737,39353
,,,7575,8131
,,,41477,45883
,,,44939,5078
,,,57512,41043
,,,55621,53586
,,,8965,22949
,,,36141,40501
,,,20818,51641
,,,44753,23261
,,,5474,32313
,,,13206,11191
,,,7323,21704
,,,22541,30020
,,,34078,29931
,,,11931,52692
,,,33853,53572
,,,36945,17430
,,,55619,36778
,,,3589,45884
,,,46800,37498
,,,31952,8136
,,,39303,26348
,,,9047,38040
,,,6833,59245
,,,35708,56669
,,,23807,43189
,,,26549,45870
,,,5473,22922
,,,44754,58939
,,,13201,38014
,,,23494,45018
,,,55626,29502
,,,8962,30080
,,,5641,49874
,,,41828,11131
,,,36146,46464
,,,20447,45215
,,,32182,32347
,,,57515,46490
,,,53387,45027
,,,20675,51271
,,,40790,30074
,,,22122,16784
,,,7586,49880
,,,4131,29505
,,,20681,38013
,,,13691,59216
,,,42033,36941
,,,37252,22925
,,,4555,59229
,,,47125,30073
,,,2490,49887
,,,8996,16783
,,,32512,45020
,,,9085,40552
,,,41821,45212
,,,20816,32340
,,,13208,33868
,,,14449,11136
,,,22917,46463
,,,50739,30087
,,,44937,49873
,,,20688,16777
,,,4138,24487
,,,32943,38025
,,,21568,59220
,,,2499,32349
,,,6805,45029
,,,12920,33895
,,,59016,45016
,,,32729,40564
,,,57523,51624
,,,41446,45224
,,,49419,32376
,,,19369,30045
,,,13653,50392
,,,22114,17455
,,,7776,49845
,,,17697,37294
,,,44762,58937
,,,41210,46455
,,,39904,25335
,,,5677,30089
,,,3580,16779
,,,35533,11138
,,,4563,33892
,,,15306,46499
,,,5683,59227
,,,54736,49889
,,,18419,38022
,,,3574,46452
,,,35701,25332
,,,24819,34624
,,,17035,37293
,,,6462,50395
,,,26540,17452
,,,34085,30042
,,,6650,59218
,,,14482,45223
,,,38648,32371
,,,24217,45011
,,,18421,40563
,,,6802,51623
,,,8998,
,,,12927,
,,,59011,
,,,17831,
,,,7588,
,,,32944,
,,,32178,
,,,23836,
,,,6668,
,,,2832,
,,,11900,
,,,19351,
,,,55628,
,,,36148,
,,,57943,
,,,26547,
,,,23809,
,,,34082,
,,,14485,
,,,4332,
,,,6465,
,,,17032,
,,,15301,
,,,5684,
,,,54731,
,,,9049,
,,,35706,
,,,17664,
,,,35534,
,,,4564,
,,,39903,
,,,3587,
,,,55617,
,,,17690,
,,,44765,
,,,13654,
,,,22113,
,,,57524,
,,,41441,
,,,6491,
,,,23253,
,,,6431,
,,,12514,
,,,15731,
,,,56664,
,,,4154,
,,,15503,
,,,21736,
,,,3371,
,,,35938,
,,,4530,
,,,45617,
,,,46092,
,,,24412,
,,,10627,
,,,15355,
,,,22711,
,,,8907,
,,,44503,
,,,43342,
,,,24082,
,,,5240,
,,,22147,
,,,12973,
,,,6856,
,,,18475,
,,,9210,
,,,1841,
,,,29564,
,,,49481,
,,,23862,
,,,22178,
,,,49475,
,,,19305,
,,,34821,
,,,5871,
,,,11954,
,,,33836,
,,,20845,
,,,39968,
,,,12987,
,,,18481,
,,,13069,
,,,5429,
,,,10082,
,,,7722,
,,,22140,
,,,23092,
,,,34819,
,,,50752,
,,,43345,
,,,22716,
,,,5411,
,,,44736,
,,,35755,
,,,20889,
,,,15352,
,,,32742,
,,,24627,
,,,33690,
,,,45610,
,,,35567,
,,,56663,
,,,15504,
,,,4153,
,,,3376,
,,,6436,
,,,23254,
,,,12513,
,,,15736,
,,,7379,
,,,36329,
,,,20842,
,,,15399,
,,,22729,
,,,8103,
,,,33831,
,,,16178,
,,,19302,
,,,34826,
,,,11953,
,,,15709,
,,,6409,
,,,29563,
,,,49486,
,,,23865,
,,,44399,
,,,9217,
,,,4508,
,,,12974,
,,,9025,
,,,39966,
,,,22720,
,,,12989,
,,,13067,
,,,47185,
,,,7714,
,,,5043,
,,,10286,
,,,33838,
,,,16171,
,,,43373,
,,,3186,
,,,6632,
,,,22182,
,,,12717,
,,,26522,
,,,56655,
,,,17057,
,,,16185,
,,,24423,
,,,4733,
,,,39992,
,,,46291,
,,,26374,
,,,7384,
,,,4501,
,,,22975,
,,,8307,
,,,8909,
,,,20874,
,,,41843,
,,,33699,
,,,45619,
,,,9013,
,,,10629,
,,,23853,
,,,35936,
,,,22981,
,,,7383,
,,,9219,
,,,4506,
,,,24424,
,,,4734,
,,,9817,
,,,10275,
,,,16182,
,,,43380,
,,,12522,
,,,3175,
,,,6635,
,,,49488,
,,,26525,
,,,12710,
,,,56652,
,,,40737,
,,,44397,
,,,10281,
,,,46606,
,,,19902,
,,,16176,
,,,43374,
,,,3181,
,,,7713,
,,,34828,
,,,42094,
,,,5878,
,,,7377,
,,,47182,
,,,15397,
,,,22727,
,,,34642,
,,,31330,
,,,10078,
,,,23854,
,,,3378,
,,,35931,
,,,9014,
,,,20887,
,,,24629,
,,,22718,
,,,20873,
,,,41844,
,,,44738,
,,,8300,
,,,4995,
,,,34817,
,,,2641,
,,,44743,
,,,5464,
,,,41231,
,,,17484,
,,,8975,
,,,32195,
,,,50727,
,,,26595,
,,,19348,
,,,22135,
,,,15743,
,,,17828,
,,,26561,
,,,42024,
,,,3303,
,,,6671,
,,,20696,
,,,21744,
,,,4126,
,,,54525,
,,,4542,
,,,37245,
,,,32737,
,,,59008,
,,,24460,
,,,30252,
,,,8981,
,,,49407,
,,,34853,
,,,28602,
,,,2814,
,,,33844,
,,,34639,
,,,36952,
,,,24699,
,,,8344,
,,,31945,
,,,54728,
,,,18407,
,,,9050,
,,,1833,
,,,4119,
,,,38656,
,,,23810,
,,,24467,
,,,30255,
,,,3552,
,,,8986,
,,,54522,
,,,4545,
,,,37242,
,,,32730,
,,,3304,
,,,42023,
,,,13681,
,,,6676,
,,,20691,
,,,4121,
,,,21743,
,,,40774,
,,,21571,
,,,15744,
,,,26592,
,,,13675,
,,,22132,
,,,6682,
,,,14450,
,,,43337,
,,,19941,
,,,41838,
,,,2474,
,,,17483,
,,,8972,
,,,13211,
,,,5463,
,,,44744,
,,,9433,
,,,38651,
,,,26559,
,,,6649,
,,,9057,
,,,18400,
,,,41209,
,,,8343,
,,,31942,
,,,28605,
,,,33843,
,,,5038,
,,,11921,
,,,19370,
,,,34854,
,,,4117,
,,,14492,
,,,38658,
,,,42015,
,,,26550,
,,,6640,
,,,17819,
,,,1657,
,,,3564,
,,,30263,
,,,18409,
,,,35711,
,,,5693,
,,,15316,
,,,4741,
,,,24451,
,,,53731,
,,,44786,
,,,4573,
,,,40326,
,,,24663,
,,,54514,
,,,3590,
,,,23680,
,,,34637,
,,,20839,
,,,25577,
,,,44772,
,,,11928,
,,,22104,
,,,6486,
,,,35381,
,,,57533,
,,,1802,
,,,40319,
,,,2489,
,,,6815,
,,,32953,
,,,24836,
,,,17826,
,,,9405,
,,,13688,
,,,4128,
,,,20698,
,,,38667,
,,,41469,
,,,2825,
,,,28633,
,,,34862,
,,,39741,
,,,40789,
,,,31974,
,,,41831,
,,,35386,
,,,41451,
,,,22103,
,,,44775,
,,,4580,
,,,24690,
,,,3597,
,,,34630,
,,,50375,
,,,25570,
,,,44781,
,,,4574,
,,,24664,
,,,40321,
,,,54513,
,,,3563,
,,,30264,
,,,9059,
,,,35716,
,,,5694,
,,,24456,
,,,25584,
,,,14495,
,,,10035,
,,,6647,
,,,41836,
,,,9092,
,,,31973,
,,,11910,
,,,43339,
,,,28634,
,,,2822,
,,,6678,
,,,38660,
,,,17821,
,,,9402,
,,,6812,
,,,8988,
,,,1805,
,,,19771,
,,,12997,
,,,31329,
,,,13079,
,,,39978,
,,,28660,
,,,33826,
,,,22168,
,,,34831,
,,,23886,
,,,5895,
,,,29574,
,,,49491,
,,,12709,
,,,18657,
,,,9200,
,,,12963,
,,,9032,
,,,32558,
,,,59055,
,,,22157,
,,,7735,
,,,10095,
,,,16150,
,,,43352,
,,,39947,
,,,36133,
,,,22701,
,,,5406,
,,,10637,
,,,17412,
,,,46082,
,,,35570,
,,,33687,
,,,4520,
,,,45607,
,,,24254,
,,,4144,
,,,15513,
,,,15721,
,,,23243,
,,,42274,
,,,9035,
,,,4518,
,,,47168,
,,,9207,
,,,29573,
,,,49496,
,,,26709,
,,,15719,
,,,5866,
,,,9697,
,,,34836,
,,,49462,
,,,22953,
,,,16168,
,,,33821,
,,,12990,
,,,7369,
,,,15726,
,,,32938,
,,,6426,
,,,23244,
,,,3154,
,,,42273,
,,,3366,
,,,42041,
,,,24253,
,,,15514,
,,,4143,
,,,54540,
,,,24637,
,,,45600,
,,,4527,
,,,10630,
,,,17415,
,,,30237,
,,,5401,
,,,39940,
,,,8910,
,,,22706,
,,,28658,
,,,50742,
,,,16157,
,,,43355,
,,,10092,
,,,23843,
,,,21728,
,,,11981,
,,,17844,
,,,20890,
,,,10639,
,,,33689,
,,,45609,
,,,39949,
,,,57936,
,,,5408,
,,,22159,
,,,28651,
,,,4511,
,,,7394,
,,,18659,
,,,13083,
,,,6848,
,,,3506,
,,,32556,
,,,15374,
,,,39982,
,,,6410,
,,,3162,
,,,1635,
,,,4175,
,,,22192,
,,,6622,
,,,12707,
,,,26532,
,,,16161,
,,,50774,
,,,10296,
,,,41434,
,,,33828,
,,,5053,
,,,4181,
,,,22166,
,,,23888,
,,,34655,
,,,22730,
,,,13077,
,,,31327,
,,,39976,
,,,16159,
,,,28656,
,,,4985,
,,,11972,
,,,39340,
,,,22708,
,,,24639,
,,,4529,
,,,20897,
,,,12955,
,,,30239,
,,,45864,
,,,15728,
,,,6428,
,,,17843,
,,,23844,
,,,11986,
,,,34652,
,,,13070,
,,,39971,
,,,47192,
,,,22505,
,,,7367,
,,,5868,
,,,5054,
,,,22161,
,,,34838,
,,,9699,
,,,16166,
,,,50773,
,,,41433,
,,,4172,
,,,22195,
,,,6625,
,,,49498,
,,,26535,
,,,12700,
,,,17040,
,,,6417,
,,,3165,
,,,10265,
,,,5292,
,,,15717,
,,,4340,
,,,13084,
,,,3501,
,,,39985,
,,,4516,
,,,7393,
,,,9209,
,,,9058,
,,,24457,
,,,25585,
,,,15310,
,,,40320,
,,,24665,
,,,44780,
,,,4575,
,,,35525,
,,,14494,
,,,6646,
,,,42013,
,,,6474,
,,,5037,
,,,22102,
,,,13477,
,,,41450,
,,,34631,
,,,3596,
,,,25571,
,,,24691,
,,,44774,
,,,7599,
,,,9403,
,,,38661,
,,,18602,
,,,24468,
,,,8989,
,,,6813,
,,,31972,
,,,41837,
,,,28635,
,,,2823,
,,,44773,
,,,34636,
,,,3591,
,,,25576,
,,,6487,
,,,57532,
,,,11929,
,,,22105,
,,,13642,
,,,49408,
,,,13484,
,,,17818,
,,,38659,
,,,14493,
,,,6641,
,,,26551,
,,,24662,
,,,4572,
,,,54515,
,,,35710,
,,,3565,
,,,30262,
,,,24450,
,,,25582,
,,,5692,
,,,4740,
,,,34863,
,,,40788,
,,,41468,
,,,2824,
,,,20807,
,,,41830,
,,,31975,
,,,6814,
,,,9060,
,,,40318,
,,,32738,
,,,13689,
,,,38666,
,,,4129,
,,,20699,
,,,32952,
,,,17827,
,,,32193,
,,,5234,
,,,19940,
,,,43336,
,,,22133,
,,,26593,
,,,13674,
,,,13210,
,,,3795,
,,,5462,
,,,44745,
,,,8973,
,,,54523,
,,,4544,
,,,37243,
,,,24466,
,,,8987,
,,,3553,
,,,21570,
,,,15745,
,,,7597,
,,,6445,
,,,6677,
,,,3305,
,,,13680,
,,,40775,
,,,20690,
,,,4120,
,,,36954,
,,,20831,
,,,41208,
,,,8342,
,,,11920,
,,,19371,
,,,34855,
,,,2812,
,,,28604,
,,,38650,
,,,6648,
,,,26558,
,,,23816,
,,,9432,
,,,9056,
,,,24459,
,,,6670,
,,,42025,
,,,3302,
,,,26560,
,,,20697,
,,,4127,
,,,21745,
,,,15742,
,,,21577,
,,,17829,
,,,24461,
,,,8980,
,,,30253,
,,,3554,
,,,54524,
,,,32736,
,,,40316,
,,,4543,
,,,37244,
,,,17485,
,,,8974,
,,,7332,
,,,2640,
,,,44742,
,,,5465,
,,,22134,
,,,26594,
,,,19349,
,,,13673,
,,,14456,
,,,32194,
,,,41466,
,,,50726,
,,,1832,
,,,12900,
,,,9051,
,,,18406,
,,,54729,
,,,38657,
,,,4118,
,,,28603,
,,,33845,
,,,11927,
,,,49406,
,,,34852,
,,,31944,
,,,8345,
,,,49062,
,,,34638,
,,,25578,
,,,20836,
,,,20896,
,,,12954,
,,,4528,
,,,24638,
,,,23845,
,,,15729,
,,,32937,
,,,45865,
,,,17842,
,,,6429,
,,,11973,
,,,44943,
,,,16158,
,,,28657,
,,,22709,
,,,46842,
,,,39341,
,,,6416,
,,,17041,
,,,15716,
,,,10264,
,,,4173,
,,,26534,
,,,12701,
,,,49499,
,,,22194,
,,,6624,
,,,4517,
,,,9208,
,,,7392,
,,,13085,
,,,54742,
,,,3500,
,,,39984,
,,,47193,
,,,7366,
,,,22504,
,,,13071,
,,,34653,
,,,22736,
,,,39970,
,,,43365,
,,,5055,
,,,42085,
,,,9698,
,,,22160,
,,,46079,
,,,5409,
,,,39948,
,,,57937,
,,,28650,
,,,22158,
,,,11974,
,,,17845,
,,,23842,
,,,18667,
,,,45608,
,,,10638,
,,,20891,
,,,9002,
,,,5052,
,,,4180,
,,,23889,
,,,22167,
,,,43362,
,,,16160,
,,,50775,
,,,33829,
,,,10297,
,,,41435,
,,,13076,
,,,34654,
,,,12998,
,,,22731,
,,,39977,
,,,36331,
,,,47194,
,,,13082,
,,,39983,
,,,15375,
,,,32557,
,,,4510,
,,,18658,
,,,7395,
,,,4174,
,,,12706,
,,,26533,
,,,22193,
,,,6623,
,,,3163,
,,,15711,
,,,10263,
,,,1634,
,,,16169,
,,,33820,
,,,24299,
,,,34837,
,,,9696,
,,,22952,
,,,12991,
,,,4519,
,,,9206,
,,,9034,
,,,15718,
,,,49497,
,,,29572,
,,,39941,
,,,36135,
,,,8911,
,,,22707,
,,,5400,
,,,7733,
,,,10093,
,,,43354,
,,,28659,
,,,50743,
,,,16156,
,,,3367,
,,,42040,
,,,4142,
,,,15515,
,,,24252,
,,,15727,
,,,32939,
,,,42272,
,,,23245,
,,,6427,
,,,21176,
,,,10631,
,,,17414,
,,,54541,
,,,46084,
,,,45601,
,,,4526,
,,,12708,
,,,49490,
,,,29575,
,,,9033,
,,,23619,
,,,9201,
,,,18656,
,,,31328,
,,,13078,
,,,18490,
,,,12996,
,,,13844,
,,,39979,
,,,23887,
,,,34830,
,,,22169,
,,,28661,
,,,33827,
,,,46083,
,,,35571,
,,,4521,
,,,45606,
,,,33686,
,,,10636,
,,,17413,
,,,15720,
,,,42275,
,,,3152,
,,,6420,
,,,23242,
,,,15512,
,,,21727,
,,,4145,
,,,24255,
,,,43353,
,,,50744,
,,,16151,
,,,19925,
,,,22156,
,,,5407,
,,,57939,
,,,36132,
,,,39946,
,,,7222,
,,,43477,
,,,33700,
,,,33532,
,,,25457,
,,,44460,
,,,5747,
,,,46337,
,,,13135,
,,,36424,
,,,47681,
,,,43221,
,,,12483,
,,,22818,
,,,15494,
,,,44236,
,,,40450,
,,,21467,
,,,26642,
,,,12477,
,,,42135,
,,,3212,
,,,1545,
,,,10112,
,,,3676,
,,,24743,
,,,44494,
,,,15236,
,,,4661,
,,,51374,
,,,47211,
,,,39661,
,,,5912,
,,,11837,
,,,22827,
,,,22229,
,,,7813,
,,,25468,
,,,4498,
,,,9387,
,,,8093,
,,,29063,
,,,3649,
,,,35058,
,,,46798,
,,,44493,
,,,15231,
,,,6131,
,,,3671,
,,,8299,
,,,4454,
,,,23939,
,,,3215,
,,,42132,
,,,1542,
,,,40457,
,,,26645,
,,,39659,
,,,40691,
,,,44231,
,,,1784,
,,,36423,
,,,5324,
,,,49378,
,,,13132,
,,,46102,
,,,33707,
,,,5572,
,,,40468,
,,,37708,
,,,23906,
,,,54068,
,,,26448,
,,,29256,
,,,9380,
,,,3488,
,,,19053,
,,,39666,
,,,5915,
,,,11830,
,,,22820,
,,,49511,
,,,35056,
,,,6751,
,,,3223,
,,,46796,
,,,47644,
,,,47220,
,,,17762,
,,,3647,
,,,25466,
,,,45583,
,,,4496,
,,,29099,
,,,33355,
,,,14577,
,,,11839,
,,,22829,
,,,36415,
,,,15238,
,,,22688,
,,,29260,
,,,12821,
,,,38544,
,,,3812,
,,,12479,
,,,23930,
,,,38776,
,,,22816,
,,,5923,
,,,44238,
,,,43479,
,,,25459,
,,,5749,
,,,13907,
,,,49371,
,,,7822,
,,,5315,
,,,33352,
,,,1587,
,,,39668,
,,,14570,
,,,4491,
,,,25461,
,,,45584,
,,,24775,
,,,17765,
,,,3640,
,,,47227,
,,,12819,
,,,29258,
,,,10772,
,,,4657,
,,,47643,
,,,40466,
,,,6756,
,,,54066,
,,,23908,
,,,13900,
,,,19406,
,,,33709,
,,,38785,
,,,5924,
,,,39657,
,,,23937,
,,,38771,
,,,53872,
,,,38543,
,,,40459,
,,,23339,
,,,29267,
,,,5588,
,,,39267,
,,,13168,
,,,7871,
,,,28315,
,,,12886,
,,,35698,
,,,2967,
,,,36479,
,,,33339,
,,,22845,
,,,2369,
,,,43872,
,,,4856,
,,,15059,
,,,15865,
,,,6359,
,,,9123,
,,,29233,
,,,12872,
,,,13701,
,,,20711,
,,,36446,
,,,24183,
,,,57471,
,,,13533,
,,,44402,
,,,5725,
,,,2500,
,,,31207,
,,,13365,
,,,7240,
,,,39258,
,,,15254,
,,,53441,
,,,6154,
,,,35653,
,,,17731,
,,,15066,
,,,24721,
,,,10170,
,,,4267,
,,,38528,
,,,26620,
,,,35237,
,,,9124,
,,,12875,
,,,21059,
,,,24719,
,,,17709,
,,,10148,
,,,3248,
,,,43881,
,,,26618,
,,,17963,
,,,20729,
,,,22842,
,,,43875,
,,,5379,
,,,7876,
,,,12881,
,,,36228,
,,,39260,
,,,57482,
,,,31690,
,,,2197,
,,,11899,
,,,15405,
,,,10177,
,,,6361,
,,,35466,
,,,4436,
,,,15061,
,,,24726,
,,,59940,
,,,6153,
,,,35654,
,,,13362,
,,,34540,
,,,35492,
,,,7247,
,,,33765,
,,,44405,
,,,2507,
,,,5346,
,,,36441,
,,,57476,
,,,24184,
,,,13534,
,,,2351,
,,,20716,
,,,10183,
,,,11890,
,,,4269,
,,,38526,
,,,59175,
,,,9112,
,,,18545,
,,,13991,
,,,6368,
,,,59181,
,,,7840,
,,,31209,
,,,5519,
,,,39256,
,,,22874,
,,,42991,
,,,39632,
,,,36448,
,,,15057,
,,,24710,
,,,17700,
,,,13192,
,,,47242,
,,,6165,
,,,39893,
,,,15265,
,,,4632,
,,,12424,
,,,26611,
,,,36483,
,,,5384,
,,,2393,
,,,3241,
,,,6733,
,,,43888,
,,,22245,
,,,36477,
,,,5370,
,,,33337,
,,,2367,
,,,36221,
,,,39269,
,,,13354,
,,,13166,
,,,12888,
,,,35696,
,,,7043,
,,,34744,
,,,44433,
,,,14343,
,,,25404,
,,,5348,
,,,57478,
,,,22873,
,,,42996,
,,,39635,
,,,7249,
,,,44639,
,,,36219,
,,,39251,
,,,2509,
,,,17738,
,,,4438,
,,,59172,
,,,6961,
,,,18542,
,,,9115,
,,,34788,
,,,2199,
,,,26629,
,,,11897,
,,,35691,
,,,7044,
,,,34743,
,,,14344,
,,,44434,
,,,25403,
,,,36226,
,,,15898,
,,,13353,
,,,22242,
,,,5377,
,,,10146,
,,,2394,
,,,3246,
,,,6734,
,,,26616,
,,,12423,
,,,36484,
,,,5383,
,,,13195,
,,,47245,
,,,4635,
,,,15262,
,,,39894,
,,,15050,
,,,24717,
,,,17707,
,,,47226,
,,,3641,
,,,17764,
,,,10125,
,,,3225,
,,,47642,
,,,40467,
,,,14571,
,,,33353,
,,,39669,
,,,26681,
,,,45585,
,,,14327,
,,,25460,
,,,4490,
,,,5542,
,,,38542,
,,,53873,
,,,40458,
,,,23338,
,,,23936,
,,,9720,
,,,38770,
,,,5589,
,,,47219,
,,,29266,
,,,33708,
,,,49377,
,,,7824,
,,,13901,
,,,43229,
,,,5925,
,,,38784,
,,,39656,
,,,4497,
,,,34727,
,,,45582,
,,,36414,
,,,14576,
,,,11838,
,,,33354,
,,,22828,
,,,46797,
,,,47645,
,,,40460,
,,,10122,
,,,3646,
,,,17763,
,,,45576,
,,,22817,
,,,38783,
,,,5922,
,,,39651,
,,,25458,
,,,13906,
,,,46338,
,,,43478,
,,,15239,
,,,29261,
,,,23931,
,,,38777,
,,,21468,
,,,53874,
,,,38545,
,,,12478,
,,,36422,
,,,1785,
,,,44230,
,,,39658,
,,,40690,
,,,7224,
,,,5573,
,,,33706,
,,,25451,
,,,13133,
,,,46331,
,,,3670,
,,,4455,
,,,44492,
,,,15230,
,,,10742,
,,,29268,
,,,40456,
,,,26644,
,,,23938,
,,,42133,
,,,1543,
,,,3489,
,,,14329,
,,,9381,
,,,11831,
,,,39667,
,,,49510,
,,,22821,
,,,15459,
,,,37709,
,,,26449,
,,,12816,
,,,29257,
,,,47228,
,,,42134,
,,,3213,
,,,10113,
,,,38779,
,,,1544,
,,,40451,
,,,26643,
,,,15237,
,,,22687,
,,,51375,
,,,6137,
,,,47210,
,,,3677,
,,,35402,
,,,5580,
,,,25456,
,,,46336,
,,,13908,
,,,43476,
,,,7223,
,,,5574,
,,,33701,
,,,22819,
,,,15495,
,,,44237,
,,,36425,
,,,5322,
,,,1782,
,,,43220,
,,,12482,
,,,47680,
,,,1923,
,,,59315,
,,,3648,
,,,8092,
,,,29250,
,,,46799,
,,,11836,
,,,39660,
,,,22826,
,,,4499,
,,,9386,
,,,7812,
,,,25469,
,,,59173,
,,,9114,
,,,17739,
,,,15852,
,,,4439,
,,,10178,
,,,11896,
,,,2198,
,,,26628,
,,,22872,
,,,39634,
,,,57479,
,,,5349,
,,,7846,
,,,2508,
,,,7248,
,,,44638,
,,,6507,
,,,26617,
,,,12422,
,,,36485,
,,,5382,
,,,10147,
,,,6735,
,,,3247,
,,,15051,
,,,17706,
,,,47244,
,,,13194,
,,,39895,
,,,15263,
,,,4634,
,,,15899,
,,,36227,
,,,13352,
,,,7045,
,,,35690,
,,,34742,
,,,44435,
,,,5712,
,,,14345,
,,,22243,
,,,33103,
,,,5376,
,,,39257,
,,,31208,
,,,7841,
,,,36449,
,,,42990,
,,,22875,
,,,39633,
,,,5940,
,,,38527,
,,,4268,
,,,11891,
,,,59174,
,,,9113,
,,,33336,
,,,22244,
,,,36476,
,,,5371,
,,,7042,
,,,12889,
,,,35697,
,,,34745,
,,,13167,
,,,14342,
,,,15290,
,,,39268,
,,,36220,
,,,8238,
,,,13355,
,,,47243,
,,,4633,
,,,15264,
,,,39892,
,,,24711,
,,,15056,
,,,17701,
,,,6356,
,,,43889,
,,,12617,
,,,3240,
,,,12425,
,,,26610,
,,,36482,
,,,5385,
,,,5378,
,,,43874,
,,,39261,
,,,36229,
,,,28313,
,,,12880,
,,,7877,
,,,15299,
,,,24718,
,,,17708,
,,,12874,
,,,9125,
,,,6509,
,,,26619,
,,,10149,
,,,43880,
,,,3249,
,,,5723,
,,,44404,
,,,2506,
,,,34541,
,,,7246,
,,,35493,
,,,13363,
,,,33764,
,,,42999,
,,,10182,
,,,57477,
,,,24185,
,,,5347,
,,,36440,
,,,13535,
,,,10176,
,,,11898,
,,,57483,
,,,35231,
,,,31691,
,,,2196,
,,,59941,
,,,21067,
,,,14380,
,,,6152,
,,,35655,
,,,6360,
,,,24727,
,,,15060,
,,,4437,
,,,43887,
,,,12873,
,,,9122,
,,,15058,
,,,28314,
,,,39266,
,,,8236,
,,,33338,
,,,43873,
,,,22844,
,,,2368,
,,,2966,
,,,36478,
,,,17730,
,,,23505,
,,,24720,
,,,15255,
,,,53440,
,,,35652,
,,,38529,
,,,4266,
,,,26621,
,,,10171,
,,,24182,
,,,57470,
,,,5340,
,,,36447,
,,,43242,
,,,13532,
,,,13700,
,,,20710,
,,,7241,
,,,13364,
,,,39259,
,,,33763,
,,,44403,
,,,2501,
,,,22091,
,,,2381,
,,,3253,
,,,10153,
,,,4076,
,,,5396,
,,,17978,
,,,26603,
,,,35670,
,,,18568,
,,,13180,
,,,17712,
,,,6345,
,,,3637,
,,,24702,
,,,25416,
,,,5706,
,,,44421,
,,,35684,
,,,34756,
,,,7263,
,,,5534,
,,,44613,
,,,36233,
,,,2375,
,,,22859,
,,,36465,
,,,5362,
,,,1963,
,,,3608,
,,,59167,
,,,15248,
,,,38534,
,,,57499,
,,,11882,
,,,4049,
,,,23940,
,,,22866,
,,,3298,
,,,35489,
,,,8214,
,,,13379,
,,,13977,
,,,5739,
,,,36462,
,,,5365,
,,,7600,
,,,2372,
,,,14500,
,,,34563,
,,,44614,
,,,5533,
,,,25411,
,,,5701,
,,,15284,
,,,35683,
,,,34751,
,,,15270,
,,,39886,
,,,4627,
,,,35677,
,,,29228,
,,,9904,
,,,13187,
,,,1731,
,,,5391,
,,,2988,
,,,47633,
,,,51756,
,,,26604,
,,,12431,
,,,22096,
,,,3254,
,,,10154,
,,,4071,
,,,13970,
,,,44419,
,,,6389,
,,,39627,
,,,11871,
,,,42984,
,,,22861,
,,,11885,
,,,38533,
,,,12856,
,,,13984,
,,,9107,
,,,18550,
,,,59160,
,,,1964,
,,,33770,
,,,6380,
,,,7252,
,,,13377,
,,,31215,
,,,44410,
,,,5737,
,,,24191,
,,,5353,
,,,4281,
,,,36454,
,,,11878,
,,,22868,
,,,3296,
,,,26632,
,,,31685,
,,,57497,
,,,4275,
,,,10162,
,,,4047,
,,,6710,
,,,42145,
,,,6374,
,,,13383,
,,,3606,
,,,35641,
,,,15246,
,,,22857,
,,,14509,
,,,17982,
,,,25418,
,,,7863,
,,,15883,
,,,39275,
,,,59390,
,,,12860,
,,,9131,
,,,3639,
,,,4078,
,,,5398,
,,,9109,
,,,15241,
,,,6373,
,,,13384,
,,,15417,
,,,42142,
,,,18906,
,,,26635,
,,,57490,
,,,4272,
,,,39629,
,,,20704,
,,,7403,
,,,5354,
,,,4286,
,,,36453,
,,,31212,
,,,25420,
,,,32497,
,,,5730,
,,,44417,
,,,6387,
,,,7255,
,,,13370,
,,,22098,
,,,43893,
,,,6728,
,,,2388,
,,,15870,
,,,39888,
,,,12867,
,,,35679,
,,,13189,
,,,18561,
,,,9136,
,,,39272,
,,,15884,
,,,44428,
,,,12893,
,,,7864,
,,,22850,
,,,39616,
,,,11840,
,,,42129,
,,,18363,
,,,3458,
,,,59939,
,,,10758,
,,,9196,
,,,7830,
,,,49363,
,,,13915,
,,,5569,
,,,34539,
,,,5931,
,,,39642,
,,,36438,
,,,3655,
,,,35420,
,,,4470,
,,,4642,
,,,25480,
,,,3467,
,,,40473,
,,,26661,
,,,3231,
,,,26453,
,,,54073,
,,,40487,
,,,26695,
,,,22235,
,,,12692,
,,,14565,
,,,1592,
,,,8249,
,,,4484,
,,,45591,
,,,14333,
,,,25474,
,,,33511,
,,,2541,
,,,13116,
,,,3493,
,,,34734,
,,,5936,
,,,39645,
,,,7239,
,,,49364,
,,,13912,
,,,39013,
,,,58818,
,,,59330,
,,,4448,
,,,17748,
,,,35418,
,,,53438,
,,,26659,
,,,23925,
,,,45596,
,,,14334,
,,,25473,
,,,34733,
,,,4483,
,,,12695,
,,,50420,
,,,14562,
,,,5909,
,,,33340,
,,,40480,
,,,26454,
,,,3236,
,,,6744,
,,,56723,
,,,26666,
,,,4645,
,,,25487,
,,,8088,
,,,3460,
,,,47235,
,,,51350,
,,,3652,
,,,35427,
,,,4477,
,,,53635,
,,,8247,
,,,9395,
,,,34508,
,,,8075,
,,,49352,
,,,13118,
,,,13924,
,,,49504,
,,,11825,
,,,39673,
,,,5900,
,,,33349,
,,,23913,
,,,39687,
,,,8081,
,,,29243,
,,,5103,
,,,14554,
,,,43001,
,,,43233,
,,,36436,
,,,13127,
,,,9198,
,,,46325,
,,,25445,
,,,44640,
,,,5567,
,,,3690,
,,,46117,
,,,7230,
,,,34537,
,,,3456,
,,,47203,
,,,15224,
,,,10756,
,,,59937,
,,,5593,
,,,4441,
,,,3664,
,,,35411,
,,,17741,
,,,4025,
,,,26650,
,,,25489,
,,,29244,
,,,35429,
,,,1937,
,,,4479,
,,,9702,
,,,23914,
,,,3238,
,,,26668,
,,,22832,
,,,49503,
,,,11822,
,,,39674,
,,,25019,
,,,45598,
,,,7806,
,,,49355,
,,,8072,
,,,50278,
,,,13923,
,,,9392,
,,,39210,
,,,26657,
,,,21472,
,,,4022,
,,,5594,
,,,3663,
,,,35416,
,,,17746,
,,,22693,
,,,47204,
,,,53436,
,,,15223,
,,,7237,
,,,5752,
,,,58816,
,,,25442,
,,,43234,
,,,36431,
,,,5336,
,,,5938,
,,,7402,
,,,5355,
,,,36452,
,,,20705,
,,,39628,
,,,13371,
,,,6386,
,,,35481,
,,,7254,
,,,31213,
,,,5731,
,,,44416,
,,,32496,
,,,25421,
,,,15072,
,,,13385,
,,,6372,
,,,35475,
,,,9108,
,,,6140,
,,,12859,
,,,15240,
,,,26634,
,,,31683,
,,,35223,
,,,57491,
,,,15416,
,,,42143,
,,,44429,
,,,36835,
,,,12892,
,,,59396,
,,,15885,
,,,39273,
,,,22851,
,,,11841,
,,,2389,
,,,2987,
,,,39889,
,,,9137,
,,,13188,
,,,35678,
,,,29227,
,,,15871,
,,,4046,
,,,42144,
,,,31684,
,,,26633,
,,,4274,
,,,57496,
,,,15247,
,,,13382,
,,,3607,
,,,31214,
,,,13978,
,,,44411,
,,,13376,
,,,6381,
,,,35486,
,,,11879,
,,,22869,
,,,3297,
,,,7405,
,,,5352,
,,,36455,
,,,24190,
,,,3638,
,,,39280,
,,,18567,
,,,9130,
,,,12861,
,,,5399,
,,,17977,
,,,22856,
,,,47099,
,,,39274,
,,,15882,
,,,25419,
,,,18593,
,,,12895,
,,,4626,
,,,39887,
,,,15271,
,,,13186,
,,,29229,
,,,12868,
,,,35676,
,,,39289,
,,,2387,
,,,22097,
,,,4070,
,,,10155,
,,,5390,
,,,1730,
,,,26605,
,,,12430,
,,,47632,
,,,2373,
,,,7601,
,,,14501,
,,,36463,
,,,5364,
,,,33111,
,,,22251,
,,,44427,
,,,5700,
,,,15285,
,,,25410,
,,,35682,
,,,34750,
,,,5532,
,,,9562,
,,,38532,
,,,15418,
,,,11884,
,,,12857,
,,,13985,
,,,59161,
,,,6388,
,,,13971,
,,,44418,
,,,32498,
,,,11870,
,,,39626,
,,,22860,
,,,42985,
,,,7262,
,,,47097,
,,,5535,
,,,44612,
,,,36232,
,,,5707,
,,,44420,
,,,25417,
,,,35685,
,,,34757,
,,,36464,
,,,5363,
,,,2374,
,,,42181,
,,,22858,
,,,7606,
,,,14506,
,,,5397,
,,,17979,
,,,26602,
,,,2380,
,,,3252,
,,,4077,
,,,10152,
,,,6344,
,,,13181,
,,,35671,
,,,22867,
,,,3299,
,,,39245,
,,,8215,
,,,13378,
,,,35488,
,,,6149,
,,,13982,
,,,15249,
,,,59166,
,,,1962,
,,,3609,
,,,4048,
,,,11883,
,,,23941,
,,,57498,
,,,38535,
,,,49502,
,,,22833,
,,,39675,
,,,5906,
,,,11823,
,,,9393,
,,,39211,
,,,45599,
,,,13922,
,,,50279,
,,,49354,
,,,8073,
,,,7807,
,,,35428,
,,,4478,
,,,25488,
,,,8087,
,,,26669,
,,,9703,
,,,3239,
,,,46323,
,,,7838,
,,,13121,
,,,58817,
,,,25443,
,,,33714,
,,,7236,
,,,34531,
,,,3696,
,,,5939,
,,,14552,
,,,43235,
,,,36430,
,,,4023,
,,,3808,
,,,26656,
,,,24101,
,,,22692,
,,,47205,
,,,53437,
,,,15222,
,,,25685,
,,,5595,
,,,17747,
,,,3662,
,,,9704,
,,,39686,
,,,8080,
,,,8074,
,,,49353,
,,,9394,
,,,49505,
,,,39672,
,,,5901,
,,,11824,
,,,4440,
,,,59338,
,,,35410,
,,,6317,
,,,17740,
,,,3665,
,,,47202,
,,,49398,
,,,3457,
,,,59936,
,,,15225,
,,,26651,
,,,10101,
,,,4024,
,,,42126,
,,,35848,
,,,43232,
,,,36437,
,,,5330,
,,,14555,
,,,43000,
,,,46116,
,,,7231,
,,,34536,
,,,3691,
,,,46324,
,,,9199,
,,,13126,
,,,25444,
,,,44473,
,,,5754,
,,,35419,
,,,38762,
,,,26658,
,,,5937,
,,,39644,
,,,5339,
,,,13913,
,,,7836,
,,,39012,
,,,58819,
,,,7238,
,,,10305,
,,,26667,
,,,6745,
,,,3237,
,,,24302,
,,,56722,
,,,22491,
,,,35426,
,,,3653,
,,,4476,
,,,53634,
,,,25486,
,,,4644,
,,,3461,
,,,8089,
,,,4482,
,,,25472,
,,,45597,
,,,14335,
,,,50277,
,,,34732,
,,,7809,
,,,40481,
,,,50421,
,,,12694,
,,,33341,
,,,1594,
,,,5908,
,,,14563,
,,,5568,
,,,34538,
,,,46118,
,,,9197,
,,,49362,
,,,36439,
,,,5930,
,,,39643,
,,,11815,
,,,50419,
,,,35248,
,,,35846,
,,,42128,
,,,3459,
,,,59938,
,,,12693,
,,,14564,
,,,40486,
,,,22234,
,,,25475,
,,,33510,
,,,45590,
,,,14332,
,,,34735,
,,,13117,
,,,2540,
,,,3492,
,,,34507,
,,,4485,
,,,4643,
,,,3466,
,,,35421,
,,,3654,
,,,4471,
,,,53633,
,,,6742,
,,,26452,
,,,3230,
,,,54072,
,,,40472,
,,,10302,
,,,26660,
,,,12715,
,,,22180,
,,,29568,
,,,6630,
,,,56657,
,,,5287,
,,,3170,
,,,16187,
,,,17055,
,,,15366,
,,,39990,
,,,24421,
,,,18479,
,,,7386,
,,,45624,
,,,4503,
,,,39964,
,,,13065,
,,,34647,
,,,22722,
,,,47187,
,,,7372,
,,,42091,
,,,19309,
,,,22174,
,,,7716,
,,,11958,
,,,43371,
,,,16173,
,,,18674,
,,,9223,
,,,9011,
,,,15359,
,,,12518,
,,,42268,
,,,1618,
,,,4158,
,,,22983,
,,,35934,
,,,23851,
,,,29557,
,,,19938,
,,,11967,
,,,10089,
,,,22977,
,,,34812,
,,,7729,
,,,41841,
,,,20876,
,,,3183,
,,,22173,
,,,5046,
,,,47180,
,,,5610,
,,,31332,
,,,34640,
,,,22725,
,,,35792,
,,,7381,
,,,4504,
,,,45623,
,,,4736,
,,,24426,
,,,10613,
,,,9029,
,,,9815,
,,,12978,
,,,10277,
,,,3177,
,,,12520,
,,,16180,
,,,26527,
,,,12712,
,,,22187,
,,,6637,
,,,2638,
,,,8302,
,,,11960,
,,,4997,
,,,34815,
,,,43349,
,,,15508,
,,,35933,
,,,22984,
,,,23856,
,,,17409,
,,,20885,
,,,24419,
,,,18673,
,,,46099,
,,,22713,
,,,44501,
,,,43340,
,,,5242,
,,,22979,
,,,31552,
,,,7727,
,,,22145,
,,,12516,
,,,6433,
,,,23251,
,,,15733,
,,,15501,
,,,4156,
,,,56666,
,,,12724,
,,,3373,
,,,29559,
,,,4532,
,,,45615,
,,,33695,
,,,46090,
,,,40969,
,,,24410,
,,,34823,
,,,19307,
,,,49477,
,,,11956,
,,,5873,
,,,33834,
,,,5619,
,,,18483,
,,,12985,
,,,34649,
,,,47189,
,,,15368,
,,,6854,
,,,18477,
,,,12971,
,,,7388,
,,,49483,
,,,29566,
,,,4169,
,,,56659,
,,,5289,
,,,14282,
,,,24417,
,,,53777,
,,,45612,
,,,4535,
,,,33692,
,,,32740,
,,,35565,
,,,4151,
,,,15506,
,,,56661,
,,,23858,
,,,3374,
,,,12723,
,,,12511,
,,,23256,
,,,6434,
,,,15734,
,,,10080,
,,,31555,
,,,22142,
,,,50750,
,,,22714,
,,,10279,
,,,49484,
,,,26529,
,,,6639,
,,,29561,
,,,22189,
,,,9215,
,,,4738,
,,,24428,
,,,9027,
,,,6853,
,,,12976,
,,,18484,
,,,33833,
,,,49470,
,,,11951,
,,,38675,
,,,42038,
,,,17834,
,,,39595,
,,,32941,
,,,12922,
,,,3549,
,,,6807,
,,,32519,
,,,59014,
,,,54539,
,,,8969,
,,,9087,
,,,20814,
,,,57946,
,,,39939,
,,,5478,
,,,31966,
,,,22129,
,,,26589,
,,,19354,
,,,8531,
,,,32189,
,,,35531,
,,,24671,
,,,4561,
,,,5681,
,,,15304,
,,,54734,
,,,4337,
,,,6460,
,,,17037,
,,,34087,
,,,6652,
,,,26542,
,,,14480,
,,,41444,
,,,57521,
,,,6494,
,,,7774,
,,,13651,
,,,31959,
,,,17695,
,,,24685,
,,,41212,
,,,44760,
,,,25565,
,,,5675,
,,,39906,
,,,55612,
,,,2830,
,,,57519,
,,,11902,
,,,20679,
,,,43925,
,,,22912,
,,,19353,
,,,44758,
,,,20813,
,,,57941,
,,,41824,
,,,24649,
,,,4559,
,,,17659,
,,,12925,
,,,6800,
,,,59013,
,,,6458,
,,,17833,
,,,32946,
,,,54966,
,,,39901,
,,,55615,
,,,3585,
,,,17692,
,,,44767,
,,,22111,
,,,13656,
,,,34848,
,,,33251,
,,,41443,
,,,57526,
,,,34080,
,,,4102,
,,,14487,
,,,1642,
,,,6467,
,,,5686,
,,,35704,
,,,54733,
,,,1828,
,,,4566,
,,,31957,
,,,46805,
,,,39306,
,,,20825,
,,,33856,
,,,19365,
,,,34841,
,,,4339,
,,,17039,
,,,34089,
,,,23802,
,,,9042,
,,,18415,
,,,22127,
,,,26587,
,,,57510,
,,,41475,
,,,8967,
,,,9089,
,,,55623,
,,,36143,
,,,57948,
,,,39339,
,,,44751,
,,,5476,
,,,23491,
,,,22543,
,,,31968,
,,,7321,
,,,13204,
,,,8993,
,,,2495,
,,,30240,
,,,6809,
,,,26325,
,,,3547,
,,,4550,
,,,37257,
,,,5482,
,,,54537,
,,,20684,
,,,4134,
,,,6663,
,,,3311,
,,,18872,
,,,5688,
,,,18412,
,,,6831,
,,,15903,
,,,4568,
,,,14489,
,,,6469,
,,,34846,
,,,11933,
,,,57528,
,,,33851,
,,,31950,
,,,46802,
,,,39301,
,,,44769,
,,,7584,
,,,18875,
,,,6456,
,,,32174,
,,,32948,
,,,20683,
,,,4133,
,,,6664,
,,,42031,
,,,4557,
,,,37250,
,,,5485,
,,,54530,
,,,8994,
,,,32510,
,,,10640,
,,,21107,
,,,5471,
,,,44756,
,,,7326,
,,,13203,
,,,8960,
,,,55624,
,,,36144,
,,,57517,
,,,32180,
,,,20445,
,,,40792,
,,,20677,
,,,50751,
,,,43346,
,,,10081,
,,,23091,
,,,7721,
,,,22143,
,,,31554,
,,,2637,
,,,22715,
,,,5620,
,,,33693,
,,,32741,
,,,45613,
,,,35564,
,,,24416,
,,,14283,
,,,6435,
,,,12510,
,,,24072,
,,,15735,
,,,56660,
,,,15507,
,,,4150,
,,,23859,
,,,3375,
,,,18485,
,,,27258,
,,,34825,
,,,5875,
,,,11950,
,,,5049,
,,,43379,
,,,6638,
,,,22188,
,,,29560,
,,,26528,
,,,49485,
,,,10278,
,,,3178,
,,,24429,
,,,4739,
,,,12977,
,,,6852,
,,,9026,
,,,9214,
,,,4157,
,,,21735,
,,,29558,
,,,3372,
,,,12725,
,,,23250,
,,,6432,
,,,12517,
,,,15732,
,,,24411,
,,,14284,
,,,33694,
,,,32746,
,,,4533,
,,,45614,
,,,22712,
,,,44500,
,,,11968,
,,,14426,
,,,7726,
,,,22978,
,,,31553,
,,,43341,
,,,24081,
,,,5243,
,,,7389,
,,,9213,
,,,1842,
,,,12970,
,,,7987,
,,,18476,
,,,6855,
,,,16188,
,,,29567,
,,,56658,
,,,4168,
,,,33835,
,,,7719,
,,,34822,
,,,19306,
,,,11957,
,,,47188,
,,,5618,
,,,12984,
,,,34648,
,,,18482,
,,,24427,
,,,4737,
,,,9814,
,,,12979,
,,,9028,
,,,7380,
,,,4505,
,,,45622,
,,,22186,
,,,6636,
,,,26526,
,,,12713,
,,,10276,
,,,16181,
,,,12521,
,,,22172,
,,,7710,
,,,5047,
,,,16175,
,,,3182,
,,,34641,
,,,35793,
,,,22724,
,,,47181,
,,,7374,
,,,15509,
,,,35932,
,,,23857,
,,,46098,
,,,18672,
,,,24418,
,,,2639,
,,,8303,
,,,44509,
,,,16976,
,,,43348,
,,,4996,
,,,11961,
,,,47186,
,,,39965,
,,,34646,
,,,22723,
,,,13064,
,,,10285,
,,,16172,
,,,7717,
,,,19308,
,,,49478,
,,,42090,
,,,11959,
,,,3171,
,,,12526,
,,,29569,
,,,6631,
,,,12714,
,,,56656,
,,,4166,
,,,7387,
,,,45625,
,,,4502,
,,,10615,
,,,24420,
,,,39991,
,,,18478,
,,,10088,
,,,11966,
,,,7728,
,,,22976,
,,,19939,
,,,20877,
,,,41840,
,,,8304,
,,,9010,
,,,15358,
,,,9222,
,,,18675,
,,,24249,
,,,4159,
,,,29556,
,,,35935,
,,,22982,
,,,42269,
,,,12519,
,,,33850,
,,,57529,
,,,8506,
,,,2800,
,,,34847,
,,,46803,
,,,31951,
,,,44768,
,,,39300,
,,,36946,
,,,20823,
,,,17669,
,,,4569,
,,,1827,
,,,5689,
,,,9044,
,,,6830,
,,,18413,
,,,6468,
,,,23804,
,,,14488,
,,,55625,
,,,8961,
,,,24480,
,,,5470,
,,,44757,
,,,13202,
,,,23497,
,,,7327,
,,,53384,
,,,20676,
,,,40793,
,,,22121,
,,,57516,
,,,32181,
,,,20682,
,,,4132,
,,,21750,
,,,6665,
,,,18874,
,,,32949,
,,,32175,
,,,8995,
,,,32511,
,,,4556,
,,,5484,
,,,37251,
,,,6201,
,,,23803,
,,,34088,
,,,4338,
,,,17038,
,,,18414,
,,,9043,
,,,3579,
,,,39909,
,,,8959,
,,,46804,
,,,49070,
,,,31956,
,,,39307,
,,,19364,
,,,34840,
,,,22119,
,,,33857,
,,,2807,
,,,4551,
,,,5483,
,,,37256,
,,,54536,
,,,47121,
,,,6808,
,,,3546,
,,,8992,
,,,24473,
,,,6450,
,,,18873,
,,,20685,
,,,4135,
,,,3310,
,,,7576,
,,,57511,
,,,32186,
,,,26586,
,,,22126,
,,,44750,
,,,39338,
,,,13205,
,,,22542,
,,,31969,
,,,9088,
,,,55622,
,,,8966,
,,,36142,
,,,57949,
,,,6801,
,,,30248,
,,,59012,
,,,4558,
,,,38673,
,,,23835,
,,,42802,
,,,17832,
,,,32947,
,,,24822,
,,,39593,
,,,11903,
,,,20678,
,,,19352,
,,,22913,
,,,2831,
,,,57518,
,,,41825,
,,,44759,
,,,7329,
,,,31960,
,,,34081,
,,,14486,
,,,24213,
,,,17667,
,,,5687,
,,,15302,
,,,3570,
,,,54732,
,,,35705,
,,,17693,
,,,44766,
,,,5673,
,,,39900,
,,,36948,
,,,55614,
,,,41442,
,,,57527,
,,,35395,
,,,13657,
,,,34849,
,,,22110,
,,,5479,
,,,31967,
,,,9086,
,,,8968,
,,,57947,
,,,41822,
,,,20815,
,,,8530,
,,,7578,
,,,32188,
,,,44934,
,,,11904,
,,,22914,
,,,26588,
,,,22128,
,,,32940,
,,,24825,
,,,38674,
,,,42039,
,,,54538,
,,,6806,
,,,12923,
,,,59015,
,,,32518,
,,,13650,
,,,22117,
,,,7775,
,,,41445,
,,,57520,
,,,2809,
,,,6495,
,,,35392,
,,,5674,
,,,39907,
,,,25564,
,,,55613,
,,,31958,
,,,17694,
,,,44761,
,,,39309,
,,,5680,
,,,15305,
,,,54735,
,,,47110,
,,,17660,
,,,4560,
,,,24670,
,,,6653,
,,,14481,
,,,4336,
